{"type":"FeatureCollection","features":[{"type":"Feature","properties":{"id":"Wien Triesterstra\u00dfe","name":"Tesla Service Vienna-Triesterstrasse","color":"#c0392b"},"geometry":{"type":"MultiPolygon","coordinates":[[[[15.608952372466243,47.54765202343968],[15.608952372466243,47.55765202343969],[15.632952372466244,47.55765202343969],[15.632952372466244,47.56765202343968],[15.620952372466244,47.56765202343968],[15.620952372466244,47.577652023439676],[15.608952372466243,47.577652023439676],[15.608952372466243,47.627652023439666],[15.572952372466242,47.627652023439666],[15.572952372466242,47.61765202343967],[15.560952372466241,47.61765202343967],[15.560952372466241,47.627652023439666],[15.53695237246624,47.627652023439666],[15.53695237246624,47.63765202343967],[15.54895237246624,47.63765202343967],[15.54895237246624,47.66765202343966],[15.53695237246624,47.66765202343966],[15.53695237246624,47.677652023439656],[15.52495237246624,47.677652023439656],[15.52495237246624,47.687652023439654],[15.51295237246624,47.687652023439654],[15.51295237246624,47.70765202343966],[15.52495237246624,47.70765202343966],[15.52495237246624,47.717652023439655],[15.596952372466243,47.717652023439655],[15.596952372466243,47.72765202343965],[15.704952372466247,47.72765202343965],[15.704952372466247,47.717652023439655],[15.752952372466249,47.717652023439655],[15.752952372466249,47.72765202343965],[15.764952372466249,47.72765202343965],[15.764952372466249,47.75765202343965],[15.77695237246625,47.75765202343965],[15.77695237246625,47.767652023439645],[15.78895237246625,47.767652023439645],[15.78895237246625,47.79765202343963],[15.77695237246625,47.79765202343963],[15.77695237246625,47.827652023439626],[15.764952372466249,47.827652023439626],[15.764952372466249,47.84765202343963],[15.80095237246625,47.84765202343963],[15.80095237246625,47.85765202343963],[15.81295237246625,47.85765202343963],[15.81295237246625,47.86765202343962],[15.80095237246625,47.86765202343962],[15.80095237246625,47.87765202343962],[15.81295237246625,47.87765202343962],[15.81295237246625,47.92765202343961],[15.824952372466251,47.92765202343961],[15.824952372466251,47.94765202343961],[15.836952372466252,47.94765202343961],[15.836952372466252,47.95765202343961],[15.848952372466252,47.95765202343961],[15.848952372466252,47.967652023439605],[15.872952372466253,47.967652023439605],[15.872952372466253,47.9876520234396],[15.884952372466254,47.9876520234396],[15.884952372466254,47.9976520234396],[15.896952372466254,47.9976520234396],[15.896952372466254,48.0076520234396],[15.908952372466254,48.0076520234396],[15.908952372466254,48.027652023439586],[15.896952372466254,48.027652023439586],[15.896952372466254,48.03765202343959],[15.908952372466254,48.03765202343959],[15.908952372466254,48.04765202343958],[15.896952372466254,48.04765202343958],[15.896952372466254,48.05765202343958],[15.884952372466254,48.05765202343958],[15.884952372466254,48.07765202343958],[15.908952372466254,48.07765202343958],[15.908952372466254,48.08765202343958],[15.956952372466256,48.08765202343958],[15.956952372466256,48.10765202343957],[15.932952372466255,48.10765202343957],[15.932952372466255,48.117652023439575],[15.956952372466256,48.117652023439575],[15.956952372466256,48.12765202343957],[15.968952372466257,48.12765202343957],[15.968952372466257,48.117652023439575],[15.992952372466258,48.117652023439575],[15.992952372466258,48.10765202343958],[16.028952372466257,48.10765202343958],[16.028952372466257,48.117652023439575],[16.040952372466258,48.117652023439575],[16.040952372466258,48.12765202343957],[16.052952372466258,48.12765202343957],[16.052952372466258,48.137652023439564],[16.040952372466258,48.137652023439564],[16.040952372466258,48.14765202343957],[16.052952372466258,48.14765202343957],[16.052952372466258,48.13765202343957],[16.06495237246626,48.13765202343957],[16.06495237246626,48.12765202343957],[16.07695237246626,48.12765202343957],[16.07695237246626,48.13765202343957],[16.08895237246626,48.13765202343957],[16.08895237246626,48.18765202343956],[16.10095237246626,48.18765202343956],[16.10095237246626,48.19765202343955],[16.08895237246626,48.19765202343955],[16.08895237246626,48.217652023439555],[16.10095237246626,48.217652023439555],[16.10095237246626,48.227652023439546],[16.07695237246626,48.227652023439546],[16.07695237246626,48.267652023439545],[16.10095237246626,48.267652023439545],[16.10095237246626,48.27765202343954],[16.11295237246626,48.27765202343954],[16.11295237246626,48.28765202343954],[16.12495237246626,48.28765202343954],[16.12495237246626,48.27765202343954],[16.148952372466262,48.27765202343954],[16.148952372466262,48.25765202343955],[16.172952372466263,48.25765202343955],[16.172952372466263,48.267652023439545],[16.184952372466263,48.267652023439545],[16.184952372466263,48.25765202343955],[16.220952372466265,48.25765202343955],[16.220952372466265,48.24765202343954],[16.208952372466264,48.24765202343954],[16.208952372466264,48.23765202343955],[16.232952372466265,48.23765202343955],[16.232952372466265,48.24765202343955],[16.244952372466265,48.24765202343955],[16.244952372466265,48.23765202343955],[16.256952372466266,48.23765202343955],[16.256952372466266,48.22765202343955],[16.280952372466267,48.22765202343955],[16.280952372466267,48.217652023439555],[16.32895237246627,48.217652023439555],[16.32895237246627,48.20765202343956],[16.412952372466272,48.20765202343956],[16.412952372466272,48.18765202343956],[16.424952372466272,48.18765202343956],[16.424952372466272,48.217652023439555],[16.436952372466273,48.217652023439555],[16.436952372466273,48.20765202343956],[16.448952372466273,48.20765202343956],[16.448952372466273,48.19765202343956],[16.460952372466274,48.19765202343956],[16.460952372466274,48.18765202343956],[16.472952372466274,48.18765202343956],[16.472952372466274,48.17765202343956],[16.484952372466275,48.17765202343956],[16.484952372466275,48.167652023439565],[16.508952372466275,48.167652023439565],[16.508952372466275,48.15765202343957],[16.520952372466276,48.15765202343957],[16.520952372466276,48.167652023439565],[16.544952372466277,48.167652023439565],[16.544952372466277,48.14765202343957],[16.580952372466278,48.14765202343957],[16.580952372466278,48.13765202343957],[16.60495237246628,48.13765202343957],[16.60495237246628,48.12765202343957],[16.61695237246628,48.12765202343957],[16.61695237246628,48.13765202343957],[16.62895237246628,48.13765202343957],[16.62895237246628,48.12765202343957],[16.700952372466283,48.12765202343957],[16.700952372466283,48.117652023439575],[16.712952372466283,48.117652023439575],[16.712952372466283,48.12765202343957],[16.736952372466284,48.12765202343957],[16.736952372466284,48.13765202343957],[16.760952372466285,48.13765202343957],[16.760952372466285,48.12765202343957],[16.844952372466288,48.12765202343957],[16.844952372466288,48.13765202343957],[16.85695237246629,48.13765202343957],[16.85695237246629,48.15765202343957],[16.86895237246629,48.15765202343957],[16.86895237246629,48.14765202343957],[16.88095237246629,48.14765202343957],[16.88095237246629,48.167652023439565],[16.89295237246629,48.167652023439565],[16.89295237246629,48.187652023439554],[16.88095237246629,48.187652023439554],[16.88095237246629,48.19765202343956],[16.89295237246629,48.19765202343956],[16.89295237246629,48.18765202343956],[16.92895237246629,48.18765202343956],[16.92895237246629,48.17765202343956],[16.976952372466293,48.17765202343956],[16.976952372466293,48.167652023439565],[16.988952372466294,48.1655599443516],[16.988952372466294,48.15765202343957],[17.012952372466295,48.15412299086205],[17.012952372466295,48.14765202343957],[17.020375103355274,48.14765202343957],[17.024952372466295,48.14374468937686],[17.024952372466295,48.13765202343957],[17.048952372466296,48.13765202343957],[17.048952372466296,48.142297883495864],[17.058479355778797,48.14423546963452],[17.060952372466296,48.117652023439575],[17.072952372466297,48.115432123401476],[17.072952372466297,48.10765202343958],[17.084952372466297,48.10384217116506],[17.084952372466297,48.09019714990734],[17.072952372466297,48.087652023439574],[17.072841129130897,48.081392277599875],[17.072952372466297,48.067652023439585],[17.082852498814816,48.067652023439585],[17.084952372466297,48.0641457215537],[17.069528363119982,48.05586078319332],[17.084952372466297,48.05103681238543],[17.084952372466297,48.0432581165972],[17.072952372466297,48.037652023439584],[17.068699162638925,48.03189303151532],[17.072952372466297,48.02765202343959],[17.084952372466297,48.024805388304515],[17.084952372466297,48.017652023439595],[17.096952372466298,48.017652023439595],[17.096952372466298,48.023536148950555],[17.104219629835175,48.02765202343959],[17.12002366334334,48.02765202343959],[17.1209523724663,48.017652023439595],[17.14795702359174,48.017652023439595],[17.1569523724663,48.01041361398063],[17.1569523724663,48.00467462186786],[17.14221299692973,47.99765202343959],[17.1329523724663,47.99765202343959],[17.132656240450554,47.99127629486215],[17.10759430629153,47.977652023439596],[17.096952372466298,47.977652023439596],[17.096952372466298,47.967652023439605],[17.108952372466298,47.964728729190874],[17.108952372466298,47.95062518646138],[17.096952372466298,47.9476520234396],[17.096952372466298,47.93859710182138],[17.092182075627296,47.93484114577665],[17.096952372466298,47.933299859575136],[17.096952372466298,47.92765202343961],[17.108952372466298,47.92765202343961],[17.108952372466298,47.919279288642656],[17.104021106791148,47.910903500982485],[17.096952372466298,47.90765202343961],[17.096952372466298,47.888595742898055],[17.08857869293788,47.877652023439616],[17.048952372466296,47.877652023439616],[17.048952372466296,47.869856714797194],[17.042470466745822,47.86765202343962],[17.012952372466295,47.86765202343962],[17.011213753867693,47.85879077714614],[17.024952372466295,47.85203788436463],[17.024952372466295,47.84765202343963],[17.033875314444586,47.84765202343963],[17.048952372466296,47.84024125244031],[17.048952372466296,47.82765202343963],[17.060952372466296,47.82364398120374],[17.060952372466296,47.817652023439635],[17.072952372466297,47.8109152604884],[17.07137229326218,47.80765202343963],[17.060952372466296,47.80765202343963],[17.060952372466296,47.80156701106062],[17.048952372466296,47.79765202343963],[17.048952372466296,47.78765202343964],[17.05946200581766,47.7865926649023],[17.060952372466296,47.767652023439645],[17.06793965296488,47.767652023439645],[17.072025648458037,47.750378183060754],[17.072952372466297,47.717652023439655],[17.084952372466297,47.716081932634395],[17.084952372466297,47.70797441694364],[17.024952372466295,47.70765202343965],[17.024952372466295,47.702204118381225],[16.99546496041826,47.69765202343965],[16.952952372466292,47.69765202343965],[16.952952372466292,47.69227608063725],[16.91377716277623,47.68810823500551],[16.876382781360192,47.68877083306286],[16.87286390632371,47.69052798945616],[16.868137248953264,47.72206992820984],[16.85695237246629,47.71765202343965],[16.85675189884441,47.711500132793056],[16.840292379024774,47.70500617201917],[16.836677325005923,47.69765202343965],[16.832952372466288,47.69765202343965],[16.831761658726183,47.687652023439654],[16.796952372466286,47.687652023439654],[16.796952372466286,47.68262302050422],[16.750241868243894,47.68185555779718],[16.748952372466285,47.69765202343965],[16.739688567914683,47.69765202343965],[16.736952372466284,47.70765202343965],[16.73300776945757,47.70765202343965],[16.724952372466284,47.71970955974013],[16.724952372466284,47.737652023439644],[16.67276021570373,47.740870118631264],[16.66495237246628,47.74252514738121],[16.66495237246628,47.74765202343964],[16.64095237246628,47.748702217271024],[16.64095237246628,47.75765202343964],[16.63546866098078,47.759492004263535],[16.61066154304542,47.76082318899137],[16.602695219720044,47.75765202343964],[16.568952372466278,47.75765202343964],[16.568952372466278,47.75225910467295],[16.548225993954603,47.75143695013859],[16.544952372466277,47.74219518812753],[16.5376548280272,47.7370820554129],[16.553419792968228,47.722958233535664],[16.54163753911615,47.712277014998676],[16.496952372466275,47.70765202343965],[16.496952372466275,47.70116359755274],[16.484952372466275,47.69765202343965],[16.484952372466275,47.69174444775672],[16.472952372466274,47.687652023439654],[16.472952372466274,47.6825857756583],[16.463110260563273,47.68313377171174],[16.460952372466274,47.69765202343965],[16.448952372466273,47.69765202343965],[16.443713950740324,47.677652023439656],[16.436952372466273,47.677652023439656],[16.436952372466273,47.671758208402004],[16.422711986378953,47.66573361569893],[16.424952372466272,47.65765202343967],[16.452616530810637,47.65615763961246],[16.460952372466274,47.65286630641292],[16.460952372466274,47.64765202343967],[16.483569180779952,47.64765202343967],[16.484952372466275,47.63765202343967],[16.508952372466275,47.63765202343967],[16.515622091673084,47.64656867121122],[16.520952372466276,47.64355023131598],[16.520952372466276,47.63765202343967],[16.54999212695178,47.63401480248811],[16.568952372466278,47.623035788475114],[16.568952372466278,47.617652023439675],[16.60495237246628,47.617652023439675],[16.60495237246628,47.621221492796245],[16.62784424285768,47.62765202343967],[16.65295237246628,47.62340959729694],[16.65295237246628,47.60765202343968],[16.67434228288884,47.60537415358231],[16.66495237246628,47.59765202343967],[16.66495237246628,47.58765202343968],[16.673317948791635,47.58765202343968],[16.67632338371496,47.5792151743554],[16.672267394658434,47.571747565185106],[16.664341921687754,47.56911880903919],[16.66495237246628,47.55765202343969],[16.688952372466282,47.55765202343969],[16.688952372466282,47.54765202343969],[16.712952372466283,47.5430016349064],[16.711172003590992,47.53765202343968],[16.700952372466283,47.53765202343968],[16.700952372466283,47.52057800370938],[16.688952372466282,47.51765202343969],[16.688952372466282,47.51015197937365],[16.65295237246628,47.50765202343969],[16.65295237246628,47.4876520234397],[16.661177451985328,47.4876520234397],[16.66495237246628,47.482700961604095],[16.66495237246628,47.46674097744763],[16.661113149631305,47.462217978278694],[16.662679018473316,47.4576520234397],[16.65295237246628,47.4576520234397],[16.650288271056475,47.45171310373323],[16.6527850967864,47.44934585201928],[16.62895237246628,47.4476520234397],[16.62565302358518,47.4376520234397],[16.61695237246628,47.4376520234397],[16.613648933602907,47.43049624543808],[16.59295237246628,47.427652023439705],[16.590066909492492,47.41978313085397],[16.582201696189507,47.41969108805782],[16.57628184295059,47.41275276449487],[16.577390708242223,47.40765202343971],[16.5180721130731,47.41099701754089],[16.508952372466275,47.40765202343971],[16.508952372466275,47.39571291897375],[16.497733940172594,47.389440746738764],[16.496952372466275,47.39765202343971],[16.485001910975786,47.39834419737807],[16.4918503867667,47.40607775442365],[16.459312207130832,47.41345470081991],[16.446608955560556,47.40762383214976],[16.448952372466273,47.37765202343972],[16.452737475032734,47.37765202343972],[16.457837011898643,47.36765202343972],[16.40095237246627,47.36765202343972],[16.40095237246627,47.35765202343972],[16.36495237246627,47.35765202343972],[16.36495237246627,47.38765202343972],[16.37695237246627,47.38765202343972],[16.37695237246627,47.39765202343971],[16.36495237246627,47.39765202343971],[16.36495237246627,47.40765202343971],[16.32895237246627,47.40765202343971],[16.32895237246627,47.41765202343971],[16.316952372466268,47.41765202343971],[16.316952372466268,47.40765202343971],[16.292952372466267,47.40765202343971],[16.292952372466267,47.41765202343971],[16.280952372466267,47.41765202343971],[16.280952372466267,47.427652023439705],[16.244952372466265,47.427652023439705],[16.244952372466265,47.4376520234397],[16.232952372466265,47.4376520234397],[16.232952372466265,47.427652023439705],[16.208952372466264,47.427652023439705],[16.208952372466264,47.41765202343971],[16.172952372466263,47.41765202343971],[16.172952372466263,47.427652023439705],[16.160952372466262,47.427652023439705],[16.160952372466262,47.4476520234397],[16.12495237246626,47.4476520234397],[16.12495237246626,47.4376520234397],[16.11295237246626,47.4376520234397],[16.11295237246626,47.4476520234397],[16.10095237246626,47.4476520234397],[16.10095237246626,47.477652023439695],[16.08895237246626,47.477652023439695],[16.08895237246626,47.4676520234397],[16.07695237246626,47.4676520234397],[16.07695237246626,47.4576520234397],[16.06495237246626,47.4576520234397],[16.06495237246626,47.4676520234397],[16.052952372466258,47.4676520234397],[16.052952372466258,47.477652023439695],[16.040952372466258,47.477652023439695],[16.040952372466258,47.4676520234397],[16.004952372466256,47.4676520234397],[16.004952372466256,47.477652023439695],[15.968952372466257,47.477652023439695],[15.968952372466257,47.49765202343969],[15.956952372466256,47.49765202343969],[15.956952372466256,47.50765202343969],[15.944952372466256,47.50765202343969],[15.944952372466256,47.527652023439686],[15.932952372466255,47.527652023439686],[15.932952372466255,47.53765202343968],[15.920952372466255,47.53765202343968],[15.920952372466255,47.54765202343968],[15.896952372466254,47.54765202343968],[15.896952372466254,47.527652023439686],[15.884952372466254,47.527652023439686],[15.884952372466254,47.51765202343969],[15.860952372466253,47.51765202343969],[15.860952372466253,47.50765202343969],[15.824952372466251,47.50765202343969],[15.824952372466251,47.53765202343968],[15.80095237246625,47.53765202343968],[15.80095237246625,47.527652023439686],[15.78895237246625,47.527652023439686],[15.78895237246625,47.53765202343968],[15.77695237246625,47.53765202343968],[15.77695237246625,47.54765202343968],[15.764952372466249,47.54765202343968],[15.764952372466249,47.55765202343968],[15.716952372466247,47.55765202343968],[15.716952372466247,47.53765202343968],[15.704952372466247,47.53765202343968],[15.704952372466247,47.527652023439686],[15.668952372466245,47.527652023439686],[15.668952372466245,47.53765202343968],[15.644952372466244,47.53765202343968],[15.644952372466244,47.54765202343968],[15.608952372466243,47.54765202343968]],[[16.028952372466257,48.09765202343957],[16.028952372466257,48.08765202343958],[16.040952372466258,48.08765202343958],[16.040952372466258,48.07765202343958],[16.07695237246626,48.07765202343958],[16.07695237246626,48.087652023439574],[16.06495237246626,48.087652023439574],[16.06495237246626,48.09765202343957],[16.028952372466257,48.09765202343957]],[[16.004952372466256,48.09765202343957],[15.992952372466258,48.09765202343957],[15.992952372466258,48.08765202343958],[16.004952372466256,48.08765202343958],[16.004952372466256,48.09765202343957]],[[16.208952372466264,48.20765202343955],[16.208952372466264,48.19765202343956],[16.220952372466265,48.19765202343956],[16.220952372466265,48.20765202343955],[16.208952372466264,48.20765202343955]],[[16.160952372466262,48.187652023439554],[16.13695237246626,48.187652023439554],[16.13695237246626,48.17765202343956],[16.160952372466262,48.17765202343956],[16.160952372466262,48.187652023439554]],[[16.184952372466263,48.18765202343956],[16.196952372466264,48.18765202343956],[16.196952372466264,48.19765202343955],[16.184952372466263,48.19765202343955],[16.184952372466263,48.18765202343956]]],[[[16.08895237246626,47.42765202343971],[16.10095237246626,47.42765202343971],[16.10095237246626,47.41765202343971],[16.08895237246626,47.41765202343971],[16.08895237246626,47.42765202343971]]]]}},{"type":"Feature","properties":{"id":"Wien Shuttleworthstra\u00dfe","name":"Tesla Sales Vienna-Shuttleworthstrasse","color":"#2471a3"},"geometry":{"type":"MultiPolygon","coordinates":[[[[15.752952372466249,48.60765202343948],[15.77695237246625,48.60765202343948],[15.77695237246625,48.617652023439476],[15.78895237246625,48.617652023439476],[15.78895237246625,48.637652023439465],[15.77695237246625,48.637652023439465],[15.77695237246625,48.64765202343946],[15.764952372466249,48.64765202343946],[15.764952372466249,48.65765202343946],[15.752952372466249,48.65765202343946],[15.752952372466249,48.66765202343946],[15.716952372466247,48.66765202343946],[15.716952372466247,48.677652023439464],[15.728952372466248,48.677652023439464],[15.728952372466248,48.68765202343946],[15.740952372466248,48.68765202343946],[15.740952372466248,48.69765202343945],[15.728952372466248,48.69765202343945],[15.728952372466248,48.717652023439456],[15.752952372466249,48.717652023439456],[15.752952372466249,48.75765202343944],[15.740952372466248,48.75765202343944],[15.740952372466248,48.76765202343944],[15.716952372466247,48.76765202343944],[15.716952372466247,48.777652023439444],[15.728952372466248,48.777652023439444],[15.728952372466248,48.787652023439435],[15.704952372466247,48.787652023439435],[15.704952372466247,48.80765202343944],[15.716952372466247,48.80765202343944],[15.716952372466247,48.82765202343943],[15.692952372466246,48.82765202343943],[15.692952372466246,48.837652023439425],[15.680952372466246,48.837652023439425],[15.680952372466246,48.85765202343943],[15.72145955748598,48.85765202343943],[15.75482660840139,48.852769646526575],[15.77695237246625,48.867652023439426],[15.780701797220235,48.87548037473938],[15.822868558128029,48.873339827789614],[15.824952372466251,48.867652023439426],[15.836952372466252,48.867652023439426],[15.838074602087518,48.877413365185745],[15.846184282691897,48.876290746610515],[15.848952372466252,48.86765202343942],[15.836952372466252,48.86765202343942],[15.836952372466252,48.85765202343943],[15.859459630244258,48.85765202343943],[15.86552486229601,48.85295438318422],[15.880458973252278,48.85765202343943],[15.880920921440387,48.84851116678113],[15.885777767094321,48.842600201743146],[15.899861249569378,48.84765202343943],[15.906357280847882,48.839427169819544],[15.898490556109667,48.83884171012121],[15.89400633272441,48.84389622061303],[15.894421787709318,48.83522527483613],[15.921908161790887,48.83765202343943],[15.932101120153586,48.83414855689702],[15.925357919594502,48.82514936716537],[15.932952372466255,48.821169916912666],[15.932952372466255,48.817652023439436],[15.944952372466256,48.817652023439436],[15.944952372466256,48.827652023439434],[15.949104409122901,48.82727010660599],[15.947907494734723,48.82309949924536],[15.956952372466256,48.82352415698946],[15.950817484721643,48.8058346728545],[15.956952372466256,48.79765202343944],[15.96962883459889,48.79754872561702],[15.980952372466257,48.78765202343944],[15.987738415824893,48.786613543387276],[15.992952372466258,48.777652023439444],[16.016952372466257,48.77408101511093],[16.016952372466257,48.767652023439446],[16.036598388801462,48.767652023439446],[16.052952372466258,48.76197293888359],[16.052952372466258,48.75765202343945],[16.07695237246626,48.75223968834186],[16.07695237246626,48.74765202343945],[16.1189855336947,48.74765202343945],[16.140152486123288,48.743320881425],[16.14048322775675,48.74597917702395],[16.15110235535865,48.7437646465832],[16.154837811279226,48.74765202343945],[16.166014120946997,48.74765202343945],[16.208952372466264,48.743023414888874],[16.208952372466264,48.73765202343945],[16.307128237166847,48.73765202343945],[16.32895237246627,48.73285297630096],[16.32895237246627,48.727652023439454],[16.34095237246627,48.727652023439454],[16.34095237246627,48.73765202343945],[16.35295237246627,48.73765202343945],[16.35295237246627,48.727652023439454],[16.38895237246627,48.727652023439454],[16.389937715356236,48.73765202343945],[16.412952372466272,48.73765202343945],[16.414801815561148,48.75448956876942],[16.436255152391976,48.766193609023375],[16.440525626052466,48.77488614939607],[16.43701921015535,48.778760380172685],[16.448952372466273,48.78765202343944],[16.448952372466273,48.79765202343944],[16.460952372466274,48.79765202343944],[16.462418295233846,48.80765202343944],[16.484952372466275,48.80241448220197],[16.484952372466275,48.79765202343944],[16.508952372466275,48.79765202343944],[16.508952372466275,48.802475205970936],[16.517411314393733,48.80321722329179],[16.520952372466276,48.79765202343944],[16.532952372466276,48.79765202343944],[16.532952372466276,48.807728971074],[16.54200084714544,48.81485480543171],[16.544952372466277,48.80765202343944],[16.556952372466277,48.80406423431466],[16.556952372466277,48.79765202343944],[16.580952372466278,48.79286345876048],[16.580952372466278,48.78765202343944],[16.594389018016216,48.78765202343944],[16.594863200811105,48.7832304840285],[16.60495237246628,48.78192874394206],[16.60495237246628,48.777652023439444],[16.62895237246628,48.777652023439444],[16.635016992546934,48.78600145006339],[16.66495237246628,48.781583779600204],[16.66528468483973,48.77609395792531],[16.676952372466282,48.77038314974856],[16.676952372466282,48.727652023439454],[16.688952372466282,48.727652023439454],[16.702409081442823,48.73709369465144],[16.727824372516345,48.73765202343945],[16.736952372466284,48.73267825525918],[16.736952372466284,48.727652023439454],[16.748952372466285,48.727652023439454],[16.748952372466285,48.717652023439456],[16.767130917258548,48.717652023439456],[16.777084754136922,48.71249319687366],[16.791162529434114,48.7143981665712],[16.801636467940344,48.70644986443874],[16.832952372466288,48.70765202343946],[16.835570361868612,48.717083169301056],[16.844952372466288,48.71212279583351],[16.844952372466288,48.70765202343946],[16.85695237246629,48.70765202343946],[16.85695237246629,48.71254457435343],[16.870747775493793,48.71302945807598],[16.875039792895166,48.717652023439456],[16.90443825558347,48.717652023439456],[16.90495237246629,48.70765202343946],[16.91140949308588,48.70765202343946],[16.91695237246629,48.70209308741547],[16.91695237246629,48.68887198165933],[16.911801690138883,48.67625445520462],[16.91695237246629,48.67393139812016],[16.91695237246629,48.667652023439466],[16.924077259997368,48.667652023439466],[16.924674984405577,48.65890735003729],[16.91695237246629,48.65765202343946],[16.91695237246629,48.64765202343947],[16.92895237246629,48.64004483067153],[16.925330008399214,48.62947064262771],[16.91695237246629,48.62765202343947],[16.91695237246629,48.617652023439476],[16.940952372466292,48.617652023439476],[16.940952372466292,48.605098721912555],[16.934900486430422,48.60115570409969],[16.940449577366746,48.58365697416114],[16.93695100904009,48.57194211239824],[16.940952372466292,48.56489268227018],[16.940952372466292,48.54765202343949],[16.952952372466292,48.546855558648204],[16.952952372466292,48.53940681213806],[16.940952372466292,48.52765202343949],[16.940952372466292,48.52190802670959],[16.91695237246629,48.51765202343949],[16.91695237246629,48.49765202343949],[16.89295237246629,48.49765202343949],[16.89135136498793,48.4776520234395],[16.88095237246629,48.4776520234395],[16.875117046544762,48.467976135518754],[16.86895237246629,48.4676520234395],[16.8607609354302,48.459883446239466],[16.863407495881418,48.4576520234395],[16.85695237246629,48.4576520234395],[16.85695237246629,48.45169019469201],[16.85129039232186,48.44967472628908],[16.85695237246629,48.43023284340977],[16.85695237246629,48.41420880723991],[16.851785454947684,48.410533169527625],[16.85695237246629,48.39650857046092],[16.8517814633451,48.387652023439514],[16.832952372466288,48.387652023439514],[16.832952372466288,48.37765202343952],[16.838024853672554,48.37765202343952],[16.842425978747947,48.3722118325012],[16.84043771973511,48.36567860256024],[16.844952372466288,48.34765202343953],[16.86895237246629,48.34765202343953],[16.86895237246629,48.33765202343953],[16.88321867090115,48.33632653320305],[16.89295237246629,48.332245068361985],[16.89295237246629,48.32765202343953],[16.90495237246629,48.32765202343953],[16.90495237246629,48.318696811095634],[16.89295237246629,48.31765202343953],[16.89295237246629,48.30765202343954],[16.89763913767426,48.30765202343954],[16.90495237246629,48.29630226476078],[16.90495237246629,48.28765202343954],[16.910223991353128,48.28765202343954],[16.91695237246629,48.27765202343954],[16.92895237246629,48.27250025547198],[16.92895237246629,48.267652023439545],[16.952952372466292,48.26746278692855],[16.947400804263285,48.23636862519112],[16.963060299000748,48.221312910852255],[16.964952372466293,48.19765202343956],[16.973213959356073,48.19765202343956],[16.976952372466293,48.177652023439556],[16.92895237246629,48.177652023439556],[16.92895237246629,48.187652023439554],[16.89295237246629,48.187652023439554],[16.89295237246629,48.16765202343956],[16.88095237246629,48.16765202343956],[16.88095237246629,48.14765202343956],[16.86895237246629,48.14765202343956],[16.86895237246629,48.15765202343956],[16.85695237246629,48.15765202343956],[16.85695237246629,48.137652023439564],[16.844952372466288,48.137652023439564],[16.844952372466288,48.127652023439566],[16.760952372466285,48.127652023439566],[16.760952372466285,48.137652023439564],[16.736952372466284,48.137652023439564],[16.736952372466284,48.127652023439566],[16.712952372466283,48.127652023439566],[16.712952372466283,48.11765202343957],[16.700952372466283,48.11765202343957],[16.700952372466283,48.127652023439566],[16.62895237246628,48.127652023439566],[16.62895237246628,48.137652023439564],[16.61695237246628,48.137652023439564],[16.61695237246628,48.127652023439566],[16.60495237246628,48.127652023439566],[16.60495237246628,48.137652023439564],[16.580952372466278,48.137652023439564],[16.580952372466278,48.14765202343956],[16.544952372466277,48.14765202343956],[16.544952372466277,48.16765202343956],[16.520952372466276,48.16765202343956],[16.520952372466276,48.15765202343956],[16.508952372466275,48.15765202343956],[16.508952372466275,48.16765202343956],[16.484952372466275,48.16765202343956],[16.484952372466275,48.177652023439556],[16.472952372466274,48.177652023439556],[16.472952372466274,48.187652023439554],[16.460952372466274,48.187652023439554],[16.460952372466274,48.19765202343955],[16.448952372466273,48.19765202343955],[16.448952372466273,48.20765202343955],[16.436952372466273,48.20765202343955],[16.436952372466273,48.21765202343955],[16.424952372466272,48.21765202343955],[16.424952372466272,48.187652023439554],[16.412952372466272,48.187652023439554],[16.412952372466272,48.20765202343955],[16.32895237246627,48.20765202343955],[16.32895237246627,48.21765202343955],[16.280952372466267,48.21765202343955],[16.280952372466267,48.227652023439546],[16.256952372466266,48.227652023439546],[16.256952372466266,48.237652023439544],[16.244952372466265,48.237652023439544],[16.244952372466265,48.24765202343954],[16.232952372466265,48.24765202343954],[16.232952372466265,48.237652023439544],[16.208952372466264,48.237652023439544],[16.208952372466264,48.24765202343955],[16.220952372466265,48.24765202343955],[16.220952372466265,48.25765202343954],[16.184952372466263,48.25765202343954],[16.184952372466263,48.26765202343954],[16.172952372466263,48.26765202343954],[16.172952372466263,48.25765202343954],[16.148952372466262,48.25765202343954],[16.148952372466262,48.277652023439536],[16.12495237246626,48.277652023439536],[16.12495237246626,48.287652023439534],[16.11295237246626,48.287652023439534],[16.11295237246626,48.277652023439536],[16.10095237246626,48.277652023439536],[16.10095237246626,48.26765202343954],[16.052952372466258,48.26765202343954],[16.052952372466258,48.277652023439536],[16.040952372466258,48.277652023439536],[16.040952372466258,48.28765202343954],[16.052952372466258,48.28765202343954],[16.052952372466258,48.30765202343953],[15.956952372466256,48.30765202343953],[15.956952372466256,48.31765202343953],[15.944952372466256,48.31765202343953],[15.944952372466256,48.327652023439526],[15.932952372466255,48.327652023439526],[15.932952372466255,48.33765202343953],[15.944952372466256,48.33765202343953],[15.944952372466256,48.34765202343953],[15.956952372466256,48.34765202343953],[15.956952372466256,48.367652023439526],[15.968952372466257,48.367652023439526],[15.968952372466257,48.35765202343953],[15.992952372466258,48.35765202343953],[15.992952372466258,48.36765202343952],[15.980952372466257,48.36765202343952],[15.980952372466257,48.377652023439516],[15.968952372466257,48.377652023439516],[15.968952372466257,48.39765202343952],[15.980952372466257,48.39765202343952],[15.980952372466257,48.417652023439516],[15.992952372466258,48.417652023439516],[15.992952372466258,48.437652023439504],[15.968952372466257,48.437652023439504],[15.968952372466257,48.4476520234395],[15.956952372466256,48.4476520234395],[15.956952372466256,48.4776520234395],[15.944952372466256,48.4776520234395],[15.944952372466256,48.487652023439495],[15.932952372466255,48.487652023439495],[15.932952372466255,48.49765202343949],[15.896952372466254,48.49765202343949],[15.896952372466254,48.50765202343949],[15.884952372466254,48.50765202343949],[15.884952372466254,48.51765202343949],[15.872952372466253,48.51765202343949],[15.872952372466253,48.527652023439494],[15.884952372466254,48.527652023439494],[15.884952372466254,48.54765202343948],[15.848952372466252,48.54765202343948],[15.848952372466252,48.537652023439485],[15.836952372466252,48.537652023439485],[15.836952372466252,48.54765202343948],[15.824952372466251,48.54765202343948],[15.824952372466251,48.56765202343948],[15.81295237246625,48.56765202343948],[15.81295237246625,48.57765202343948],[15.78895237246625,48.57765202343948],[15.78895237246625,48.587652023439475],[15.752952372466249,48.587652023439475],[15.752952372466249,48.60765202343948]],[[15.944952372466256,48.50765202343949],[15.932952372466255,48.50765202343949],[15.932952372466255,48.4976520234395],[15.944952372466256,48.4976520234395],[15.944952372466256,48.50765202343949]],[[16.89295237246629,48.19765202343955],[16.88095237246629,48.19765202343955],[16.88095237246629,48.18765202343956],[16.89295237246629,48.18765202343956],[16.89295237246629,48.19765202343955]]],[[[15.644952372466244,48.8861937598333],[15.656871073596164,48.88203888636497],[15.656952372466245,48.87765202343942],[15.644952372466244,48.87765202343942],[15.644952372466244,48.8861937598333]]],[[[15.944952372466256,48.367652023439526],[15.944952372466256,48.35765202343952],[15.920952372466255,48.35765202343952],[15.920952372466255,48.367652023439526],[15.944952372466256,48.367652023439526]]]]}},{"type":"Feature","properties":{"id":"St. P\u00f6lten","name":"Tesla Service Sankt P\u00f6lten","color":"#1e8449"},"geometry":{"type":"MultiPolygon","coordinates":[[[[14.804952372466213,47.627652023439666],[14.804952372466213,47.65765202343966],[14.768952372466211,47.65765202343966],[14.768952372466211,47.677652023439656],[14.75695237246621,47.677652023439656],[14.75695237246621,47.687652023439654],[14.74495237246621,47.687652023439654],[14.74495237246621,47.72765202343965],[14.768952372466211,47.72765202343965],[14.768952372466211,47.73765202343965],[14.792952372466212,47.73765202343965],[14.792952372466212,47.77765202343964],[14.816952372466213,47.77765202343964],[14.816952372466213,47.79765202343964],[14.828952372466214,47.79765202343964],[14.828952372466214,47.80765202343963],[14.804952372466213,47.80765202343963],[14.804952372466213,47.81765202343963],[14.792952372466212,47.81765202343963],[14.792952372466212,47.83765202343963],[14.840952372466214,47.83765202343963],[14.840952372466214,47.84765202343963],[14.852952372466214,47.84765202343963],[14.852952372466214,47.89765202343962],[14.864952372466215,47.89765202343962],[14.864952372466215,47.90765202343961],[14.852952372466214,47.90765202343961],[14.852952372466214,47.91765202343961],[14.840952372466214,47.91765202343961],[14.840952372466214,47.927652023439606],[14.828952372466214,47.927652023439606],[14.828952372466214,47.95765202343961],[14.840952372466214,47.95765202343961],[14.840952372466214,47.9776520234396],[14.852952372466214,47.9776520234396],[14.852952372466214,47.967652023439605],[14.864952372466215,47.967652023439605],[14.864952372466215,47.9776520234396],[14.888952372466216,47.9776520234396],[14.888952372466216,47.9876520234396],[14.900952372466216,47.9876520234396],[14.900952372466216,47.99765202343959],[14.876952372466215,47.99765202343959],[14.876952372466215,48.0076520234396],[14.900952372466216,48.0076520234396],[14.900952372466216,48.01765202343959],[14.888952372466216,48.01765202343959],[14.888952372466216,48.027652023439586],[14.852952372466214,48.027652023439586],[14.852952372466214,48.037652023439584],[14.828952372466214,48.037652023439584],[14.828952372466214,48.04765202343958],[14.816952372466213,48.04765202343958],[14.816952372466213,48.05765202343959],[14.840952372466214,48.05765202343959],[14.840952372466214,48.08765202343958],[14.876952372466215,48.08765202343958],[14.876952372466215,48.10765202343958],[14.888952372466216,48.10765202343958],[14.888952372466216,48.11765202343957],[14.876952372466215,48.11765202343957],[14.876952372466215,48.13765202343957],[14.888952372466216,48.13765202343957],[14.888952372466216,48.14765202343957],[14.900952372466216,48.14765202343957],[14.900952372466216,48.16765202343956],[14.888952372466216,48.16765202343956],[14.888952372466216,48.18765202343956],[14.900952372466216,48.18765202343956],[14.900952372466216,48.20765202343955],[14.876952372466215,48.20765202343955],[14.876952372466215,48.21765202343955],[14.864952372466215,48.21765202343955],[14.864952372466215,48.227652023439546],[14.852952372466214,48.227652023439546],[14.852952372466214,48.24765202343955],[14.864952372466215,48.24765202343955],[14.864952372466215,48.25765202343954],[14.852952372466214,48.25765202343954],[14.852952372466214,48.29765202343954],[14.876952372466215,48.29765202343954],[14.876952372466215,48.30765202343954],[14.888952372466216,48.30765202343954],[14.888952372466216,48.32765202343953],[14.900952372466216,48.32765202343953],[14.900952372466216,48.34765202343953],[14.912952372466217,48.34765202343953],[14.912952372466217,48.35765202343953],[14.924952372466217,48.35765202343953],[14.924952372466217,48.34765202343953],[14.948952372466218,48.34765202343953],[14.948952372466218,48.367652023439526],[14.960952372466219,48.367652023439526],[14.960952372466219,48.37765202343952],[14.98495237246622,48.37765202343952],[14.98495237246622,48.40765202343951],[14.972952372466219,48.40765202343951],[14.972952372466219,48.417652023439516],[14.98495237246622,48.417652023439516],[14.98495237246622,48.427652023439514],[15.00895237246622,48.427652023439514],[15.00895237246622,48.4476520234395],[14.99695237246622,48.4476520234395],[14.99695237246622,48.45765202343951],[15.00895237246622,48.45765202343951],[15.00895237246622,48.4876520234395],[15.02095237246622,48.4876520234395],[15.02095237246622,48.477652023439504],[15.032952372466221,48.477652023439504],[15.032952372466221,48.4876520234395],[15.056952372466222,48.4876520234395],[15.056952372466222,48.50765202343949],[15.02095237246622,48.50765202343949],[15.02095237246622,48.51765202343949],[15.00895237246622,48.51765202343949],[15.00895237246622,48.52765202343949],[14.99695237246622,48.52765202343949],[14.99695237246622,48.537652023439485],[14.972952372466219,48.537652023439485],[14.972952372466219,48.54765202343949],[14.98495237246622,48.54765202343949],[14.98495237246622,48.567652023439486],[15.00895237246622,48.567652023439486],[15.00895237246622,48.57765202343948],[14.99695237246622,48.57765202343948],[14.99695237246622,48.61765202343947],[14.972952372466219,48.61765202343947],[14.972952372466219,48.62765202343947],[14.960952372466219,48.62765202343947],[14.960952372466219,48.65765202343946],[14.948952372466218,48.65765202343946],[14.948952372466218,48.677652023439464],[14.960952372466219,48.677652023439464],[14.960952372466219,48.69765202343945],[14.948952372466218,48.69765202343945],[14.948952372466218,48.70765202343946],[14.972952372466219,48.70765202343946],[14.972952372466219,48.717652023439456],[14.99695237246622,48.717652023439456],[14.99695237246622,48.73765202343945],[15.02095237246622,48.73765202343945],[15.02095237246622,48.74765202343944],[15.00895237246622,48.74765202343944],[15.00895237246622,48.767652023439446],[15.02095237246622,48.767652023439446],[15.02095237246622,48.777652023439444],[15.044952372466222,48.777652023439444],[15.044952372466222,48.79765202343943],[15.00895237246622,48.79765202343943],[15.00895237246622,48.80765202343943],[14.960952372466219,48.80765202343943],[14.96285808691573,48.817652023439436],[14.972952372466219,48.817652023439436],[14.973130160353396,48.84289032448718],[14.985594546191816,48.843011456351384],[14.98495237246622,48.85765202343942],[14.974351392875905,48.85765202343942],[14.974007617297378,48.87527751615794],[14.984893895197002,48.87536956083337],[14.98495237246622,48.8915867914932],[14.989984716247594,48.891642468537505],[14.988326663830016,48.896287005117756],[14.99695237246622,48.89765202343942],[14.99695237246622,48.91765202343941],[14.98979677304789,48.91765202343941],[14.98495237246622,48.92571660342108],[14.987597581635635,48.93655400234707],[14.98495237246622,48.9476520234394],[14.980600647663527,48.9476520234394],[14.977567120632418,48.95645929340622],[14.97727198558132,48.971640340033545],[14.979552519388134,48.977652023439404],[14.98495237246622,48.977652023439404],[14.985600587642345,48.987221635708984],[14.99695237246622,48.9876520234394],[15.001874570495467,49.004356299918165],[14.99695237246622,49.005743025784135],[14.99695237246622,49.015674976859664],[15.004113911621113,49.01212738214741],[15.0146413340859,49.017652023439396],[15.028164716796352,49.017652023439396],[15.041903828346987,49.01212319193413],[15.055386097153338,49.01619377889131],[15.066518870227245,49.01485558946425],[15.065934314819932,49.00021963470654],[15.068952372466223,48.9976520234394],[15.152952372466226,48.99491002192047],[15.152952372466226,48.977652023439404],[15.164246865701134,48.97616132630654],[15.160563932179707,48.97272850864011],[15.164952372466226,48.97116091296159],[15.164952372466226,48.95835913823928],[15.156479624236466,48.94676275157532],[15.161342076967612,48.942314765250764],[15.177134922893634,48.94765202343941],[15.191390932692768,48.94390764359549],[15.200952372466228,48.94765202343941],[15.200952372466228,48.95267703164631],[15.210141336130354,48.95765202343941],[15.253954446663318,48.95765202343941],[15.262729650689455,48.95426943698467],[15.262996778566599,48.95765202343941],[15.27295237246623,48.95765202343941],[15.27295237246623,48.967014351942915],[15.280783071049981,48.977652023439404],[15.28495237246623,48.977652023439404],[15.28495237246623,48.99430214289058],[15.294794640649538,48.98970204549663],[15.29214555596896,48.98494114872429],[15.296952372466231,48.9828431920064],[15.296952372466231,48.977652023439404],[15.332952372466233,48.977652023439404],[15.333353276682388,48.98544725499026],[15.349508888420072,48.98539784256949],[15.356952372466234,48.983244952112976],[15.356952372466234,48.977652023439404],[15.37660804677854,48.977652023439404],[15.390158264581112,48.9731636259088],[15.393963970215088,48.96623390552491],[15.404952372466235,48.96373583420686],[15.404952372466235,48.95765202343941],[15.428952372466236,48.95171426934877],[15.428952372466236,48.94765202343941],[15.475207189467744,48.94765202343941],[15.488952372466239,48.942523409658385],[15.488952372466239,48.93765202343941],[15.500952372466239,48.93750374011122],[15.500952372466239,48.917652023439416],[15.52495237246624,48.912524382357894],[15.52495237246624,48.90765202343942],[15.560239588268761,48.90505685254722],[15.560952372466241,48.89765202343942],[15.61684686683344,48.89765202343942],[15.620952372466244,48.896009345939866],[15.620952372466244,48.88765202343942],[15.644952372466244,48.8861937598333],[15.644952372466244,48.877652023439424],[15.661983772475317,48.877652023439424],[15.668952372466245,48.867652023439426],[15.680952372466246,48.86467223492245],[15.680952372466246,48.83765202343943],[15.692952372466246,48.83765202343943],[15.692952372466246,48.827652023439434],[15.716952372466247,48.827652023439434],[15.716952372466247,48.80765202343943],[15.704952372466247,48.80765202343943],[15.704952372466247,48.78765202343944],[15.728952372466248,48.78765202343944],[15.728952372466248,48.77765202343944],[15.716952372466247,48.77765202343944],[15.716952372466247,48.767652023439446],[15.740952372466248,48.767652023439446],[15.740952372466248,48.75765202343945],[15.752952372466249,48.75765202343945],[15.752952372466249,48.71765202343945],[15.728952372466248,48.71765202343945],[15.728952372466248,48.69765202343946],[15.740952372466248,48.69765202343946],[15.740952372466248,48.687652023439455],[15.728952372466248,48.687652023439455],[15.728952372466248,48.67765202343946],[15.716952372466247,48.67765202343946],[15.716952372466247,48.667652023439466],[15.752952372466249,48.667652023439466],[15.752952372466249,48.65765202343947],[15.764952372466249,48.65765202343947],[15.764952372466249,48.64765202343947],[15.77695237246625,48.64765202343947],[15.77695237246625,48.63765202343947],[15.78895237246625,48.63765202343947],[15.78895237246625,48.61765202343947],[15.77695237246625,48.61765202343947],[15.77695237246625,48.60765202343947],[15.752952372466249,48.60765202343947],[15.752952372466249,48.58765202343948],[15.78895237246625,48.58765202343948],[15.78895237246625,48.577652023439484],[15.81295237246625,48.577652023439484],[15.81295237246625,48.567652023439486],[15.824952372466251,48.567652023439486],[15.824952372466251,48.54765202343949],[15.836952372466252,48.54765202343949],[15.836952372466252,48.53765202343949],[15.848952372466252,48.53765202343949],[15.848952372466252,48.54765202343949],[15.884952372466254,48.54765202343949],[15.884952372466254,48.52765202343949],[15.872952372466253,48.52765202343949],[15.872952372466253,48.517652023439496],[15.884952372466254,48.517652023439496],[15.884952372466254,48.5076520234395],[15.896952372466254,48.5076520234395],[15.896952372466254,48.4976520234395],[15.932952372466255,48.4976520234395],[15.932952372466255,48.5076520234395],[15.944952372466256,48.5076520234395],[15.944952372466256,48.49765202343949],[15.932952372466255,48.49765202343949],[15.932952372466255,48.4876520234395],[15.944952372466256,48.4876520234395],[15.944952372466256,48.477652023439504],[15.956952372466256,48.477652023439504],[15.956952372466256,48.44765202343951],[15.968952372466257,48.44765202343951],[15.968952372466257,48.43765202343951],[15.992952372466258,48.43765202343951],[15.992952372466258,48.41765202343951],[15.980952372466257,48.41765202343951],[15.980952372466257,48.39765202343951],[15.968952372466257,48.39765202343951],[15.968952372466257,48.37765202343952],[15.980952372466257,48.37765202343952],[15.980952372466257,48.367652023439526],[15.992952372466258,48.367652023439526],[15.992952372466258,48.35765202343952],[15.968952372466257,48.35765202343952],[15.968952372466257,48.36765202343952],[15.956952372466256,48.36765202343952],[15.956952372466256,48.34765202343952],[15.944952372466256,48.34765202343952],[15.944952372466256,48.337652023439524],[15.932952372466255,48.337652023439524],[15.932952372466255,48.32765202343953],[15.944952372466256,48.32765202343953],[15.944952372466256,48.317652023439535],[15.956952372466256,48.317652023439535],[15.956952372466256,48.30765202343954],[16.052952372466258,48.30765202343954],[16.052952372466258,48.287652023439534],[16.040952372466258,48.287652023439534],[16.040952372466258,48.27765202343954],[16.052952372466258,48.27765202343954],[16.052952372466258,48.267652023439545],[16.07695237246626,48.267652023439545],[16.07695237246626,48.22765202343955],[16.10095237246626,48.22765202343955],[16.10095237246626,48.21765202343955],[16.08895237246626,48.21765202343955],[16.08895237246626,48.19765202343956],[16.10095237246626,48.19765202343956],[16.10095237246626,48.187652023439554],[16.08895237246626,48.187652023439554],[16.08895237246626,48.137652023439564],[16.07695237246626,48.137652023439564],[16.07695237246626,48.127652023439566],[16.06495237246626,48.127652023439566],[16.06495237246626,48.137652023439564],[16.052952372466258,48.137652023439564],[16.052952372466258,48.127652023439566],[16.040952372466258,48.127652023439566],[16.040952372466258,48.11765202343957],[16.028952372466257,48.11765202343957],[16.028952372466257,48.10765202343957],[15.992952372466258,48.10765202343957],[15.992952372466258,48.11765202343957],[15.968952372466257,48.11765202343957],[15.968952372466257,48.127652023439566],[15.956952372466256,48.127652023439566],[15.956952372466256,48.11765202343957],[15.932952372466255,48.11765202343957],[15.932952372466255,48.10765202343958],[15.956952372466256,48.10765202343958],[15.956952372466256,48.087652023439574],[15.908952372466254,48.087652023439574],[15.908952372466254,48.077652023439576],[15.884952372466254,48.077652023439576],[15.884952372466254,48.05765202343959],[15.896952372466254,48.05765202343959],[15.896952372466254,48.04765202343959],[15.908952372466254,48.04765202343959],[15.908952372466254,48.037652023439584],[15.896952372466254,48.037652023439584],[15.896952372466254,48.02765202343959],[15.908952372466254,48.02765202343959],[15.908952372466254,48.00765202343959],[15.896952372466254,48.00765202343959],[15.896952372466254,47.99765202343959],[15.884952372466254,47.99765202343959],[15.884952372466254,47.987652023439594],[15.872952372466253,47.987652023439594],[15.872952372466253,47.9676520234396],[15.848952372466252,47.9676520234396],[15.848952372466252,47.9576520234396],[15.836952372466252,47.9576520234396],[15.836952372466252,47.9476520234396],[15.824952372466251,47.9476520234396],[15.824952372466251,47.927652023439606],[15.81295237246625,47.927652023439606],[15.81295237246625,47.877652023439616],[15.80095237246625,47.877652023439616],[15.80095237246625,47.867652023439625],[15.81295237246625,47.867652023439625],[15.81295237246625,47.85765202343962],[15.80095237246625,47.85765202343962],[15.80095237246625,47.84765202343962],[15.764952372466249,47.84765202343962],[15.764952372466249,47.82765202343963],[15.77695237246625,47.82765202343963],[15.77695237246625,47.79765202343964],[15.78895237246625,47.79765202343964],[15.78895237246625,47.76765202343964],[15.77695237246625,47.76765202343964],[15.77695237246625,47.75765202343964],[15.764952372466249,47.75765202343964],[15.764952372466249,47.727652023439646],[15.752952372466249,47.727652023439646],[15.752952372466249,47.71765202343965],[15.704952372466247,47.71765202343965],[15.704952372466247,47.727652023439646],[15.596952372466243,47.727652023439646],[15.596952372466243,47.71765202343965],[15.52495237246624,47.71765202343965],[15.52495237246624,47.70765202343965],[15.51295237246624,47.70765202343965],[15.51295237246624,47.68765202343966],[15.52495237246624,47.68765202343966],[15.52495237246624,47.67765202343966],[15.53695237246624,47.67765202343966],[15.53695237246624,47.667652023439665],[15.54895237246624,47.667652023439665],[15.54895237246624,47.637652023439664],[15.53695237246624,47.637652023439664],[15.53695237246624,47.627652023439666],[15.488952372466239,47.627652023439666],[15.488952372466239,47.637652023439664],[15.464952372466238,47.637652023439664],[15.464952372466238,47.64765202343966],[15.440952372466237,47.64765202343966],[15.440952372466237,47.65765202343966],[15.404952372466235,47.65765202343966],[15.404952372466235,47.64765202343966],[15.380952372466234,47.64765202343966],[15.380952372466234,47.637652023439664],[15.344952372466233,47.637652023439664],[15.344952372466233,47.64765202343966],[15.332952372466233,47.64765202343966],[15.332952372466233,47.66765202343966],[15.308952372466232,47.66765202343966],[15.308952372466232,47.677652023439656],[15.28495237246623,47.677652023439656],[15.28495237246623,47.687652023439654],[15.26095237246623,47.687652023439654],[15.26095237246623,47.677652023439656],[15.24895237246623,47.677652023439656],[15.24895237246623,47.66765202343966],[15.236952372466229,47.66765202343966],[15.236952372466229,47.65765202343966],[15.224952372466229,47.65765202343966],[15.224952372466229,47.64765202343966],[15.212952372466228,47.64765202343966],[15.212952372466228,47.637652023439664],[15.200952372466228,47.637652023439664],[15.200952372466228,47.627652023439666],[15.188952372466227,47.627652023439666],[15.188952372466227,47.60765202343967],[15.116952372466224,47.60765202343967],[15.116952372466224,47.61765202343967],[15.092952372466224,47.61765202343967],[15.092952372466224,47.60765202343967],[15.044952372466222,47.60765202343967],[15.044952372466222,47.59765202343967],[14.900952372466216,47.59765202343967],[14.900952372466216,47.60765202343967],[14.852952372466214,47.60765202343967],[14.852952372466214,47.61765202343967],[14.816952372466213,47.61765202343967],[14.816952372466213,47.627652023439666],[14.804952372466213,47.627652023439666]],[[15.02095237246622,48.4576520234395],[15.00895237246622,48.4576520234395],[15.00895237246622,48.44765202343951],[15.02095237246622,48.44765202343951],[15.02095237246622,48.4576520234395]],[[15.02095237246622,48.42765202343951],[15.00895237246622,48.42765202343951],[15.00895237246622,48.417652023439516],[15.02095237246622,48.417652023439516],[15.02095237246622,48.42765202343951]],[[14.888952372466216,48.217652023439555],[14.900952372466216,48.217652023439555],[14.900952372466216,48.227652023439546],[14.888952372466216,48.227652023439546],[14.888952372466216,48.217652023439555]],[[14.912952372466217,48.14765202343956],[14.912952372466217,48.13765202343957],[14.924952372466217,48.13765202343957],[14.924952372466217,48.14765202343956],[14.912952372466217,48.14765202343956]],[[15.944952372466256,48.36765202343952],[15.920952372466255,48.36765202343952],[15.920952372466255,48.35765202343953],[15.944952372466256,48.35765202343953],[15.944952372466256,48.36765202343952]],[[16.040952372466258,48.14765202343956],[16.040952372466258,48.13765202343957],[16.052952372466258,48.13765202343957],[16.052952372466258,48.14765202343956],[16.040952372466258,48.14765202343956]]],[[[14.792952372466212,47.9876520234396],[14.804952372466213,47.9876520234396],[14.804952372466213,47.977652023439596],[14.792952372466212,47.977652023439596],[14.792952372466212,47.9876520234396]]],[[[16.040952372466258,48.087652023439574],[16.028952372466257,48.087652023439574],[16.028952372466257,48.09765202343958],[16.06495237246626,48.09765202343958],[16.06495237246626,48.08765202343958],[16.07695237246626,48.08765202343958],[16.07695237246626,48.077652023439576],[16.040952372466258,48.077652023439576],[16.040952372466258,48.087652023439574]]],[[[15.992952372466258,48.09765202343958],[16.004952372466256,48.09765202343958],[16.004952372466256,48.087652023439574],[15.992952372466258,48.087652023439574],[15.992952372466258,48.09765202343958]]],[[[16.13695237246626,48.18765202343956],[16.160952372466262,48.18765202343956],[16.160952372466262,48.177652023439556],[16.13695237246626,48.177652023439556],[16.13695237246626,48.18765202343956]]],[[[16.184952372466263,48.19765202343956],[16.196952372466264,48.19765202343956],[16.196952372466264,48.187652023439554],[16.184952372466263,48.187652023439554],[16.184952372466263,48.19765202343956]]],[[[16.208952372466264,48.20765202343956],[16.220952372466265,48.20765202343956],[16.220952372466265,48.19765202343955],[16.208952372466264,48.19765202343955],[16.208952372466264,48.20765202343956]]]]}},{"type":"Feature","properties":{"id":"Linz Leonding","name":"Tesla Service Linz Leonding","color":"#6c3483"},"geometry":{"type":"MultiPolygon","coordinates":[[[[13.40095237246616,48.15765202343956],[13.376952372466159,48.15765202343956],[13.376952372466159,48.14765202343956],[13.352952372466158,48.14765202343956],[13.352952372466158,48.16765202343956],[13.316952372466156,48.16765202343956],[13.316952372466156,48.15765202343956],[13.292952372466155,48.15765202343956],[13.292952372466155,48.177652023439556],[13.280952372466155,48.177652023439556],[13.280952372466155,48.18765202343956],[13.292952372466155,48.18765202343956],[13.292952372466155,48.19765202343955],[13.280952372466155,48.19765202343955],[13.280952372466155,48.20765202343955],[13.268952372466154,48.20765202343955],[13.268952372466154,48.19765202343955],[13.256952372466154,48.19765202343955],[13.256952372466154,48.21765202343955],[13.244952372466154,48.21765202343955],[13.244952372466154,48.20765202343955],[13.232952372466153,48.20765202343955],[13.232952372466153,48.21765202343955],[13.184952372466151,48.21765202343955],[13.184952372466151,48.22765202343955],[13.196952372466152,48.22765202343955],[13.196952372466152,48.237652023439544],[13.184952372466151,48.237652023439544],[13.184952372466151,48.24765202343954],[13.16095237246615,48.24765202343954],[13.16095237246615,48.277652023439536],[13.14895237246615,48.277652023439536],[13.14895237246615,48.28553160447668],[13.17295237246615,48.28765202343954],[13.17295237246615,48.29313035949937],[13.18010635121846,48.29539541499839],[13.249179970163853,48.293533141270636],[13.280952372466155,48.29765202343954],[13.280952372466155,48.3038404703195],[13.304952372466156,48.30765202343954],[13.304952372466156,48.31360530635172],[13.314898387922744,48.317652023439535],[13.328952372466157,48.317652023439535],[13.328952372466157,48.32337014238394],[13.340952372466157,48.32765202343953],[13.340952372466157,48.33155705648624],[13.352952372466158,48.33765202343953],[13.367828010264036,48.35340288712516],[13.388952372466159,48.35765202343953],[13.388952372466159,48.363533219318064],[13.39754114413174,48.367652023439526],[13.41295237246616,48.367652023439526],[13.41295237246616,48.3774516987827],[13.418930329129873,48.38765202343952],[13.42495237246616,48.38765202343952],[13.42495237246616,48.40865230825975],[13.430629115520306,48.417652023439516],[13.43695237246616,48.417652023439516],[13.440750990032933,48.43369889870411],[13.43695237246616,48.4476520234395],[13.428785363946034,48.45238990761014],[13.428018244161134,48.45799449793212],[13.43695237246616,48.467652023439506],[13.44512296444896,48.4876520234395],[13.448952372466161,48.4876520234395],[13.448952372466161,48.49728604250977],[13.455932714338825,48.5076520234395],[13.460952372466162,48.5076520234395],[13.460952372466162,48.51765202343949],[13.453749774320924,48.51765202343949],[13.448952372466161,48.5226643784063],[13.448952372466161,48.54765202343948],[13.439750488572841,48.54872594425278],[13.438490590477414,48.55765202343949],[13.464393988475889,48.55461715728684],[13.476214719251267,48.556702232847016],[13.475339414545386,48.563013763102674],[13.479775403956587,48.56531050961033],[13.485726631466836,48.56217701923883],[13.494221536839131,48.567652023439486],[13.508952372466164,48.567652023439486],[13.508952372466164,48.58765202343948],[13.528653114331306,48.58765202343948],[13.532952372466164,48.584299630016126],[13.532952372466164,48.577652023439484],[13.544952372466165,48.57511918527504],[13.544952372466165,48.567652023439486],[13.559364339255575,48.567652023439486],[13.568952372466166,48.562684249317165],[13.568952372466166,48.55765202343949],[13.580952372466166,48.55765202343949],[13.58920762132597,48.567652023439486],[13.604592685867566,48.567652023439486],[13.616952372466168,48.55765202343949],[13.640952372466169,48.55321771359649],[13.640952372466169,48.54765202343949],[13.652952372466169,48.54765202343949],[13.652952372466169,48.53765202343949],[13.67695237246617,48.5316596516375],[13.67695237246617,48.527652023439494],[13.689938163650156,48.527652023439494],[13.70095237246617,48.52239554526877],[13.70095237246617,48.517652023439496],[13.72795450277149,48.51364372613106],[13.736952372466172,48.517652023439496],[13.736952372466172,48.52671031944361],[13.748952372466173,48.527652023439494],[13.748952372466173,48.54747905408005],[13.755740414170866,48.551788988478776],[13.748952372466173,48.55313481337181],[13.748952372466173,48.55737434546177],[13.754943189667634,48.564198796830595],[13.760952372466173,48.566025448779186],[13.760952372466173,48.55765202343949],[13.76900216207607,48.55426744906791],[13.784952372466174,48.55765202343949],[13.784952372466174,48.56725669828575],[13.796952372466174,48.567652023439486],[13.796952372466174,48.57342894301613],[13.808952372466175,48.577652023439484],[13.808952372466175,48.605843508830574],[13.820952372466175,48.60765202343948],[13.820952372466175,48.61408678186672],[13.826684255116769,48.61921053253533],[13.824334592042572,48.62605791897101],[13.828073010759583,48.62867274556739],[13.827388261478834,48.635483249866446],[13.820952372466175,48.64573945179462],[13.820952372466175,48.687652023439455],[13.814182568780396,48.687652023439455],[13.81439369792542,48.69248348305553],[13.817992840981487,48.69548375701252],[13.834427633728371,48.69250556138443],[13.838325029776692,48.701190976263504],[13.814872411221414,48.70158412323858],[13.812304749588806,48.709335652110916],[13.804075033434044,48.70870485784676],[13.796952372466174,48.71609815535907],[13.808952372466175,48.717652023439456],[13.810422293047282,48.727652023439454],[13.820952372466175,48.727652023439454],[13.821882098298193,48.75504076419614],[13.832952372466176,48.75765202343945],[13.840454510432503,48.767652023439446],[13.874211043512352,48.767652023439446],[13.880952372466178,48.76403531708965],[13.880952372466178,48.75765202343945],[13.896495994840693,48.75765202343945],[13.904952372466179,48.75197094432966],[13.904952372466179,48.74765202343945],[13.916952372466179,48.74390922424849],[13.916952372466179,48.73765202343945],[13.926644410580732,48.73627577551933],[13.92895237246618,48.727652023439454],[13.95295237246618,48.7216711898151],[13.956807260729263,48.715055471337394],[13.971392124278779,48.71380475685137],[13.976952372466181,48.70765202343946],[14.010764410226324,48.70544710968261],[14.012952372466183,48.68765202343946],[14.024952372466183,48.68765202343946],[14.024952372466183,48.677652023439464],[14.060398913820363,48.674457476263534],[14.058128995566527,48.65765202343946],[14.024952372466183,48.65765202343946],[14.024052594013078,48.64765202343946],[14.012952372466183,48.64765202343946],[14.011482245322345,48.64028370723085],[14.024272889292536,48.632992865441146],[14.024952372466183,48.627652023439474],[14.048822106716544,48.627652023439474],[14.046598356124852,48.61968611777914],[14.041821156890322,48.61804448275222],[14.043073128323822,48.61349206658496],[14.05516278858205,48.60475676867518],[14.069922323335357,48.607598777322686],[14.067888733044558,48.59548207583149],[14.072952372466185,48.60029111078704],[14.072952372466185,48.59765202343948],[14.096952372466186,48.59765202343948],[14.096952372466186,48.58765202343948],[14.120952372466187,48.58765202343948],[14.120988229106377,48.59358347059029],[14.130145158291826,48.59765202343948],[14.142814339384017,48.59436755334497],[14.15539286747846,48.5964983796251],[14.168952372466189,48.58765202343948],[14.180952372466189,48.58765202343948],[14.182663976726545,48.59451996699855],[14.19295237246619,48.59356669362513],[14.19295237246619,48.58765202343948],[14.229140056256506,48.58583169827199],[14.240952372466191,48.577652023439484],[14.276929874853312,48.577652023439484],[14.288952372466193,48.57147706595569],[14.288952372466193,48.567652023439486],[14.324952372466194,48.56469811188424],[14.324952372466194,48.55765202343949],[14.334190489456846,48.55241658739649],[14.348952372466195,48.55765202343949],[14.3535718711207,48.567652023439486],[14.360952372466196,48.567652023439486],[14.360952372466196,48.57559578832356],[14.366808481925109,48.576450504810246],[14.372952372466196,48.567652023439486],[14.384952372466197,48.567652023439486],[14.384952372466197,48.57121503829679],[14.396952372466197,48.577652023439484],[14.396952372466197,48.587652023439475],[14.388100902813818,48.587652023439475],[14.387209635693797,48.59328459257724],[14.413118648314637,48.59340124369406],[14.420952372466198,48.591896975971565],[14.420952372466198,48.58765202343948],[14.432952372466199,48.58765202343948],[14.435993018428652,48.59765202343948],[14.444952372466199,48.59765202343948],[14.448281502651223,48.620421053661],[14.457027760859107,48.625752312432596],[14.4569523724662,48.637652023439465],[14.447449441784931,48.637652023439465],[14.444952372466199,48.644073764885555],[14.470024373550432,48.64765202343947],[14.478624661959937,48.64321198562403],[14.4809523724662,48.63765202343947],[14.4929523724662,48.63370948029321],[14.4929523724662,48.617652023439476],[14.547556536073959,48.615208045926785],[14.554531369466138,48.60643728103783],[14.563049128964135,48.603935815522966],[14.56448730622167,48.60765202343948],[14.576952372466204,48.60765202343948],[14.581890067441647,48.61750741517653],[14.600952372466205,48.617652023439476],[14.600952372466205,48.62601417073714],[14.612723399101547,48.627652023439474],[14.612952372466205,48.617652023439476],[14.62171668735275,48.617652023439476],[14.627369852655306,48.605112378024934],[14.650956940090001,48.60765202343948],[14.654801580622461,48.604939334712526],[14.66446401024048,48.58255914638839],[14.694581455846091,48.585985736666125],[14.702538156208604,48.58329174177099],[14.708952372466209,48.58765202343948],[14.712424049373649,48.59724326856179],[14.72095237246621,48.59765202343948],[14.72317212457874,48.639041151039116],[14.719545157220296,48.64977072402148],[14.713359072704217,48.65070433280148],[14.715924425863973,48.65765202343947],[14.72095237246621,48.65765202343947],[14.72095237246621,48.66912888031469],[14.726872012653077,48.677652023439464],[14.73295237246621,48.677652023439464],[14.73295237246621,48.69381429177839],[14.736058384014271,48.69765202343946],[14.74495237246621,48.69765202343946],[14.74495237246621,48.70224483528469],[14.756410862012315,48.70384045064036],[14.75744872437389,48.70765202343946],[14.780952372466212,48.70765202343946],[14.780952372466212,48.71567151965839],[14.792952372466212,48.717652023439456],[14.793745296425653,48.727652023439454],[14.804952372466213,48.727652023439454],[14.804952372466213,48.73305308116268],[14.809168673301187,48.73449600367806],[14.804952372466213,48.7419514296836],[14.804952372466213,48.75420444077657],[14.816952372466213,48.75765202343945],[14.816952372466213,48.76765202343944],[14.80732405539319,48.77233760205879],[14.810149505767344,48.777652023439444],[14.816952372466213,48.777652023439444],[14.816952372466213,48.78096708357967],[14.826569481435987,48.78446896193984],[14.828952372466214,48.777652023439444],[14.886402363566797,48.777652023439444],[14.885796213486941,48.77250882373488],[14.897413638916317,48.77289835668627],[14.900952372466216,48.767652023439446],[14.932945721732114,48.767172862213776],[14.936952372466218,48.76460437339146],[14.936952372466218,48.75765202343945],[14.960952372466219,48.75765202343945],[14.960952372466219,48.76218647620443],[14.971131316490137,48.767652023439446],[14.98495237246622,48.767652023439446],[14.98495237246622,48.77765202343944],[14.979567834992165,48.77765202343944],[14.981204665084816,48.77977320868395],[14.972952372466219,48.787652023439435],[14.960952372466219,48.787652023439435],[14.960952372466219,48.80765202343944],[15.00895237246622,48.80765202343944],[15.00895237246622,48.79765202343944],[15.044952372466222,48.79765202343944],[15.044952372466222,48.77765202343944],[15.02095237246622,48.77765202343944],[15.02095237246622,48.76765202343944],[15.00895237246622,48.76765202343944],[15.00895237246622,48.74765202343945],[15.02095237246622,48.74765202343945],[15.02095237246622,48.737652023439445],[14.99695237246622,48.737652023439445],[14.99695237246622,48.71765202343945],[14.972952372466219,48.71765202343945],[14.972952372466219,48.70765202343945],[14.948952372466218,48.70765202343945],[14.948952372466218,48.69765202343946],[14.960952372466219,48.69765202343946],[14.960952372466219,48.67765202343946],[14.948952372466218,48.67765202343946],[14.948952372466218,48.65765202343947],[14.960952372466219,48.65765202343947],[14.960952372466219,48.627652023439474],[14.972952372466219,48.627652023439474],[14.972952372466219,48.617652023439476],[14.99695237246622,48.617652023439476],[14.99695237246622,48.577652023439484],[15.00895237246622,48.577652023439484],[15.00895237246622,48.56765202343948],[14.98495237246622,48.56765202343948],[14.98495237246622,48.54765202343948],[14.972952372466219,48.54765202343948],[14.972952372466219,48.53765202343949],[14.99695237246622,48.53765202343949],[14.99695237246622,48.527652023439494],[15.00895237246622,48.527652023439494],[15.00895237246622,48.517652023439496],[15.02095237246622,48.517652023439496],[15.02095237246622,48.5076520234395],[15.056952372466222,48.5076520234395],[15.056952372466222,48.487652023439495],[15.032952372466221,48.487652023439495],[15.032952372466221,48.4776520234395],[15.02095237246622,48.4776520234395],[15.02095237246622,48.487652023439495],[15.00895237246622,48.487652023439495],[15.00895237246622,48.45765202343951],[15.02095237246622,48.45765202343951],[15.02095237246622,48.4476520234395],[15.00895237246622,48.4476520234395],[15.00895237246622,48.427652023439514],[15.02095237246622,48.427652023439514],[15.02095237246622,48.41765202343951],[15.00895237246622,48.41765202343951],[15.00895237246622,48.42765202343951],[14.98495237246622,48.42765202343951],[14.98495237246622,48.41765202343951],[14.972952372466219,48.41765202343951],[14.972952372466219,48.40765202343952],[14.98495237246622,48.40765202343952],[14.98495237246622,48.377652023439516],[14.960952372466219,48.377652023439516],[14.960952372466219,48.36765202343952],[14.948952372466218,48.36765202343952],[14.948952372466218,48.34765202343952],[14.924952372466217,48.34765202343952],[14.924952372466217,48.35765202343952],[14.912952372466217,48.35765202343952],[14.912952372466217,48.34765202343952],[14.900952372466216,48.34765202343952],[14.900952372466216,48.327652023439526],[14.888952372466216,48.327652023439526],[14.888952372466216,48.30765202343953],[14.876952372466215,48.30765202343953],[14.876952372466215,48.29765202343953],[14.852952372466214,48.29765202343953],[14.852952372466214,48.25765202343955],[14.864952372466215,48.25765202343955],[14.864952372466215,48.24765202343954],[14.852952372466214,48.24765202343954],[14.852952372466214,48.22765202343955],[14.864952372466215,48.22765202343955],[14.864952372466215,48.217652023439555],[14.876952372466215,48.217652023439555],[14.876952372466215,48.20765202343956],[14.900952372466216,48.20765202343956],[14.900952372466216,48.187652023439554],[14.888952372466216,48.187652023439554],[14.888952372466216,48.167652023439565],[14.900952372466216,48.167652023439565],[14.900952372466216,48.14765202343956],[14.888952372466216,48.14765202343956],[14.888952372466216,48.137652023439564],[14.876952372466215,48.137652023439564],[14.876952372466215,48.117652023439575],[14.888952372466216,48.117652023439575],[14.888952372466216,48.10765202343957],[14.876952372466215,48.10765202343957],[14.876952372466215,48.087652023439574],[14.840952372466214,48.087652023439574],[14.840952372466214,48.05765202343958],[14.816952372466213,48.05765202343958],[14.816952372466213,48.04765202343959],[14.828952372466214,48.04765202343959],[14.828952372466214,48.03765202343959],[14.852952372466214,48.03765202343959],[14.852952372466214,48.02765202343959],[14.888952372466216,48.02765202343959],[14.888952372466216,48.017652023439595],[14.900952372466216,48.017652023439595],[14.900952372466216,48.00765202343959],[14.876952372466215,48.00765202343959],[14.876952372466215,47.9976520234396],[14.900952372466216,47.9976520234396],[14.900952372466216,47.987652023439594],[14.888952372466216,47.987652023439594],[14.888952372466216,47.977652023439596],[14.864952372466215,47.977652023439596],[14.864952372466215,47.9676520234396],[14.852952372466214,47.9676520234396],[14.852952372466214,47.977652023439596],[14.840952372466214,47.977652023439596],[14.840952372466214,47.9576520234396],[14.828952372466214,47.9576520234396],[14.828952372466214,47.92765202343961],[14.840952372466214,47.92765202343961],[14.840952372466214,47.917652023439615],[14.852952372466214,47.917652023439615],[14.852952372466214,47.90765202343962],[14.864952372466215,47.90765202343962],[14.864952372466215,47.89765202343961],[14.852952372466214,47.89765202343961],[14.852952372466214,47.84765202343962],[14.840952372466214,47.84765202343962],[14.840952372466214,47.837652023439624],[14.792952372466212,47.837652023439624],[14.792952372466212,47.817652023439635],[14.804952372466213,47.817652023439635],[14.804952372466213,47.80765202343964],[14.828952372466214,47.80765202343964],[14.828952372466214,47.79765202343963],[14.816952372466213,47.79765202343963],[14.816952372466213,47.777652023439636],[14.792952372466212,47.777652023439636],[14.792952372466212,47.737652023439644],[14.768952372466211,47.737652023439644],[14.768952372466211,47.727652023439646],[14.74495237246621,47.727652023439646],[14.74495237246621,47.68765202343966],[14.75695237246621,47.68765202343966],[14.75695237246621,47.67765202343966],[14.768952372466211,47.67765202343966],[14.768952372466211,47.66765202343966],[14.74495237246621,47.66765202343966],[14.74495237246621,47.65765202343966],[14.73295237246621,47.65765202343966],[14.73295237246621,47.637652023439664],[14.72095237246621,47.637652023439664],[14.72095237246621,47.627652023439666],[14.708952372466209,47.627652023439666],[14.708952372466209,47.61765202343967],[14.672952372466208,47.61765202343967],[14.672952372466208,47.60765202343967],[14.660952372466207,47.60765202343967],[14.660952372466207,47.59765202343967],[14.648952372466207,47.59765202343967],[14.648952372466207,47.56765202343968],[14.636952372466206,47.56765202343968],[14.636952372466206,47.55765202343969],[14.672952372466208,47.55765202343969],[14.672952372466208,47.53765202343969],[14.684952372466208,47.53765202343969],[14.684952372466208,47.51765202343969],[14.672952372466208,47.51765202343969],[14.672952372466208,47.49765202343969],[14.612952372466205,47.49765202343969],[14.612952372466205,47.50765202343969],[14.576952372466204,47.50765202343969],[14.576952372466204,47.51765202343969],[14.552952372466203,47.51765202343969],[14.552952372466203,47.527652023439686],[14.528952372466202,47.527652023439686],[14.528952372466202,47.54765202343968],[14.516952372466202,47.54765202343968],[14.516952372466202,47.55765202343968],[14.4809523724662,47.55765202343968],[14.4809523724662,47.56765202343968],[14.4689523724662,47.56765202343968],[14.4689523724662,47.55765202343968],[14.4569523724662,47.55765202343968],[14.4569523724662,47.54765202343968],[14.420952372466198,47.54765202343968],[14.420952372466198,47.53765202343968],[14.408952372466198,47.53765202343968],[14.408952372466198,47.50765202343969],[14.396952372466197,47.50765202343969],[14.396952372466197,47.49765202343969],[14.384952372466197,47.49765202343969],[14.384952372466197,47.4776520234397],[14.396952372466197,47.4776520234397],[14.396952372466197,47.4476520234397],[14.384952372466197,47.4476520234397],[14.384952372466197,47.427652023439705],[14.372952372466196,47.427652023439705],[14.372952372466196,47.41765202343971],[14.348952372466195,47.41765202343971],[14.348952372466195,47.40765202343971],[14.324952372466194,47.40765202343971],[14.324952372466194,47.39765202343971],[14.288952372466193,47.39765202343971],[14.288952372466193,47.38765202343971],[14.240952372466191,47.38765202343971],[14.240952372466191,47.377652023439715],[14.22895237246619,47.377652023439715],[14.22895237246619,47.33765202343972],[14.21695237246619,47.33765202343972],[14.21695237246619,47.31765202343973],[14.120952372466187,47.31765202343973],[14.120952372466187,47.327652023439725],[14.108952372466186,47.327652023439725],[14.108952372466186,47.33765202343972],[14.096952372466186,47.33765202343972],[14.096952372466186,47.34765202343972],[14.084952372466185,47.34765202343972],[14.084952372466185,47.35765202343972],[14.072952372466185,47.35765202343972],[14.072952372466185,47.38765202343972],[14.084952372466185,47.38765202343972],[14.084952372466185,47.39765202343972],[14.096952372466186,47.39765202343972],[14.096952372466186,47.4376520234397],[14.084952372466185,47.4376520234397],[14.084952372466185,47.4476520234397],[14.060952372466184,47.4476520234397],[14.060952372466184,47.45765202343971],[14.072952372466185,47.45765202343971],[14.072952372466185,47.4876520234397],[14.084952372466185,47.4876520234397],[14.084952372466185,47.50765202343969],[14.072952372466185,47.50765202343969],[14.072952372466185,47.51765202343969],[14.024952372466183,47.51765202343969],[14.024952372466183,47.54765202343969],[14.108952372466186,47.54765202343969],[14.108952372466186,47.55765202343969],[14.132952372466187,47.55765202343969],[14.132952372466187,47.567652023439685],[14.144952372466188,47.567652023439685],[14.144952372466188,47.60765202343967],[14.072952372466185,47.60765202343967],[14.072952372466185,47.61765202343967],[14.048952372466184,47.61765202343967],[14.048952372466184,47.627652023439666],[14.024952372466183,47.627652023439666],[14.024952372466183,47.637652023439664],[14.012952372466183,47.637652023439664],[14.012952372466183,47.65765202343966],[14.000952372466182,47.65765202343966],[14.000952372466182,47.687652023439654],[13.92895237246618,47.687652023439654],[13.92895237246618,47.69765202343965],[13.880952372466178,47.69765202343965],[13.880952372466178,47.70765202343966],[13.892952372466178,47.70765202343966],[13.892952372466178,47.75765202343965],[13.904952372466179,47.75765202343965],[13.904952372466179,47.76765202343964],[13.892952372466178,47.76765202343964],[13.892952372466178,47.787652023439634],[13.880952372466178,47.787652023439634],[13.880952372466178,47.80765202343963],[13.868952372466177,47.80765202343963],[13.868952372466177,47.79765202343963],[13.832952372466176,47.79765202343963],[13.832952372466176,47.787652023439634],[13.796952372466174,47.787652023439634],[13.796952372466174,47.777652023439636],[13.760952372466173,47.777652023439636],[13.760952372466173,47.78765202343964],[13.772952372466174,47.78765202343964],[13.772952372466174,47.79765202343963],[13.736952372466172,47.79765202343963],[13.736952372466172,47.80765202343963],[13.68895237246617,47.80765202343963],[13.68895237246617,47.79765202343963],[13.66495237246617,47.79765202343963],[13.66495237246617,47.80765202343963],[13.652952372466169,47.80765202343963],[13.652952372466169,47.817652023439635],[13.66495237246617,47.817652023439635],[13.66495237246617,47.83765202343963],[13.67695237246617,47.83765202343963],[13.67695237246617,47.84765202343962],[13.66495237246617,47.84765202343962],[13.66495237246617,47.85765202343962],[13.652952372466169,47.85765202343962],[13.652952372466169,47.86765202343962],[13.640952372466169,47.86765202343962],[13.640952372466169,47.88765202343962],[13.652952372466169,47.88765202343962],[13.652952372466169,47.90765202343961],[13.628952372466168,47.90765202343961],[13.628952372466168,47.91765202343961],[13.592952372466167,47.91765202343961],[13.592952372466167,47.92765202343961],[13.604952372466167,47.92765202343961],[13.604952372466167,47.95765202343961],[13.628952372466168,47.95765202343961],[13.628952372466168,47.9876520234396],[13.640952372466169,47.9876520234396],[13.640952372466169,47.99765202343959],[13.628952372466168,47.99765202343959],[13.628952372466168,48.027652023439586],[13.616952372466168,48.027652023439586],[13.616952372466168,48.037652023439584],[13.592952372466167,48.037652023439584],[13.592952372466167,48.05765202343958],[13.580952372466166,48.05765202343958],[13.580952372466166,48.06765202343958],[13.568952372466166,48.06765202343958],[13.568952372466166,48.05765202343958],[13.556952372466165,48.05765202343958],[13.556952372466165,48.06765202343958],[13.544952372466165,48.06765202343958],[13.544952372466165,48.087652023439574],[13.532952372466164,48.087652023439574],[13.532952372466164,48.09765202343957],[13.508952372466164,48.09765202343957],[13.508952372466164,48.087652023439574],[13.484952372466163,48.087652023439574],[13.484952372466163,48.09765202343957],[13.43695237246616,48.09765202343957],[13.43695237246616,48.10765202343957],[13.40095237246616,48.10765202343957],[13.40095237246616,48.09765202343957],[13.376952372466159,48.09765202343957],[13.376952372466159,48.10765202343958],[13.40095237246616,48.10765202343958],[13.40095237246616,48.117652023439575],[13.41295237246616,48.117652023439575],[13.41295237246616,48.13765202343957],[13.42495237246616,48.13765202343957],[13.42495237246616,48.14765202343956],[13.40095237246616,48.14765202343956],[13.40095237246616,48.15765202343956]],[[13.712952372466171,47.9576520234396],[13.712952372466171,47.94765202343961],[13.724952372466172,47.94765202343961],[13.724952372466172,47.9576520234396],[13.712952372466171,47.9576520234396]],[[14.804952372466213,47.9776520234396],[14.804952372466213,47.987652023439594],[14.792952372466212,47.987652023439594],[14.792952372466212,47.9776520234396],[14.804952372466213,47.9776520234396]],[[15.00895237246622,48.4576520234395],[14.99695237246622,48.4576520234395],[14.99695237246622,48.44765202343951],[15.00895237246622,48.44765202343951],[15.00895237246622,48.4576520234395]]],[[[14.900952372466216,48.22765202343955],[14.900952372466216,48.21765202343955],[14.888952372466216,48.21765202343955],[14.888952372466216,48.22765202343955],[14.900952372466216,48.22765202343955]]],[[[14.924952372466217,48.14765202343957],[14.924952372466217,48.137652023439564],[14.912952372466217,48.137652023439564],[14.912952372466217,48.14765202343957],[14.924952372466217,48.14765202343957]]]]}},{"type":"Feature","properties":{"id":"Salzburg","name":"Tesla Service Salzburg-Aigner Strasse","color":"#b7950b"},"geometry":{"type":"MultiPolygon","coordinates":[[[[12.38095237246612,46.9676520234398],[12.284952372466117,46.9676520234398],[12.284952372466117,46.977652023439795],[12.272952372466117,46.977652023439795],[12.272952372466117,46.98765202343979],[12.248952372466116,46.98765202343979],[12.248952372466116,47.00765202343979],[12.236952372466115,47.00765202343979],[12.236952372466115,47.01765202343979],[12.224952372466115,47.01765202343979],[12.224952372466115,47.03765202343978],[12.212952372466114,47.03765202343978],[12.217229846079197,47.045585594484216],[12.217130366347748,47.057652023439786],[12.224952372466115,47.057652023439786],[12.224952372466115,47.06171488096554],[12.24130773678913,47.069669191532846],[12.236952372466115,47.077652023439775],[12.230403512707918,47.077652023439775],[12.224952372466115,47.08313850096705],[12.224952372466115,47.08765202343977],[12.212952372466114,47.08765202343977],[12.212952372466114,47.107652023439776],[12.236952372466115,47.107652023439776],[12.236952372466115,47.117652023439774],[12.284952372466117,47.117652023439774],[12.284952372466117,47.12765202343977],[12.332952372466119,47.12765202343977],[12.332952372466119,47.13765202343977],[12.34495237246612,47.13765202343977],[12.34495237246612,47.157652023439766],[12.35695237246612,47.157652023439766],[12.35695237246612,47.167652023439764],[12.36895237246612,47.167652023439764],[12.36895237246612,47.18765202343976],[12.38095237246612,47.18765202343976],[12.38095237246612,47.24765202343975],[12.392952372466121,47.24765202343975],[12.392952372466121,47.267652023439744],[12.404952372466122,47.267652023439744],[12.404952372466122,47.27765202343974],[12.428952372466123,47.27765202343974],[12.428952372466123,47.28765202343974],[12.464952372466124,47.28765202343974],[12.464952372466124,47.29765202343974],[12.476952372466124,47.29765202343974],[12.476952372466124,47.31765202343973],[12.464952372466124,47.31765202343973],[12.464952372466124,47.33765202343972],[12.452952372466124,47.33765202343972],[12.452952372466124,47.34765202343973],[12.464952372466124,47.34765202343973],[12.464952372466124,47.35765202343973],[12.476952372466124,47.35765202343973],[12.476952372466124,47.37765202343972],[12.488952372466125,47.37765202343972],[12.488952372466125,47.38765202343972],[12.500952372466125,47.38765202343972],[12.500952372466125,47.39765202343972],[12.512952372466126,47.39765202343972],[12.512952372466126,47.417652023439715],[12.596952372466129,47.417652023439715],[12.596952372466129,47.42765202343971],[12.62095237246613,47.42765202343971],[12.62095237246613,47.43765202343971],[12.63295237246613,47.43765202343971],[12.63295237246613,47.4476520234397],[12.62095237246613,47.4476520234397],[12.62095237246613,47.467652023439705],[12.680952372466132,47.467652023439705],[12.680952372466132,47.4776520234397],[12.704952372466133,47.4776520234397],[12.704952372466133,47.48765202343969],[12.692952372466133,47.48765202343969],[12.692952372466133,47.49765202343969],[12.680952372466132,47.49765202343969],[12.680952372466132,47.50765202343969],[12.668952372466132,47.50765202343969],[12.668952372466132,47.51765202343969],[12.656952372466131,47.51765202343969],[12.656952372466131,47.53765202343969],[12.668952372466132,47.53765202343969],[12.668952372466132,47.54765202343969],[12.680952372466132,47.54765202343969],[12.680952372466132,47.587652023439674],[12.656952372466131,47.587652023439674],[12.656952372466131,47.59765202343967],[12.62095237246613,47.59765202343967],[12.62095237246613,47.60765202343967],[12.60895237246613,47.60765202343967],[12.60895237246613,47.62765202343967],[12.680952372466132,47.62765202343967],[12.680952372466132,47.617652023439675],[12.692952372466133,47.617652023439675],[12.692952372466133,47.60765202343968],[12.704952372466133,47.60765202343968],[12.704952372466133,47.59765202343968],[12.716952372466134,47.59765202343968],[12.716952372466134,47.60765202343968],[12.740952372466134,47.60765202343968],[12.740952372466134,47.58765202343968],[12.776952372466136,47.58765202343968],[12.776952372466136,47.59765202343968],[12.788952372466136,47.59765202343968],[12.786821225862141,47.587652023439674],[12.776952372466136,47.587652023439674],[12.776952372466136,47.57765202343968],[12.788952372466136,47.56754521381394],[12.788952372466136,47.55765202343969],[12.800952372466137,47.553582052337774],[12.800952372466137,47.54765202343969],[12.848345057613441,47.54653020400396],[12.848952372466139,47.52765202343969],[12.86485810204087,47.52765202343969],[12.87295237246614,47.52342724546906],[12.87295237246614,47.517652023439695],[12.88495237246614,47.517652023439695],[12.88495237246614,47.5076520234397],[12.89695237246614,47.50558859466543],[12.89695237246614,47.4976520234397],[12.90911869398759,47.4976520234397],[12.920952372466141,47.493004865832575],[12.920952372466141,47.4876520234397],[12.944952372466142,47.48371503710121],[12.944952372466142,47.4776520234397],[12.9733715325857,47.47483030867208],[12.97417798816458,47.48381228517324],[12.978690420875353,47.48521917238518],[12.980952372466144,47.4776520234397],[12.992952372466144,47.4776520234397],[12.992952372466144,47.467652023439705],[13.004363656312202,47.463922447784775],[13.016952372466145,47.467652023439705],[13.020174719989908,47.4776520234397],[13.028952372466145,47.4776520234397],[13.028952372466145,47.48726394581887],[13.052952372466146,47.4876520234397],[13.052952372466146,47.527652023439686],[13.039243977965945,47.527652023439686],[13.031637410926768,47.53309578476681],[13.034226802959074,47.53765202343969],[13.040952372466146,47.53765202343969],[13.044523503377661,47.54765202343969],[13.052952372466146,47.54765202343969],[13.052952372466146,47.555657731371156],[13.058217900095519,47.56268814232774],[13.043362982001106,47.574253312016765],[13.044356725799993,47.583899290738536],[13.07135222765518,47.58751762778988],[13.064952372466147,47.60279564482878],[13.076952372466147,47.60765202343968],[13.080079258576271,47.617652023439675],[13.088952372466148,47.617652023439675],[13.088952372466148,47.62401059097206],[13.100952372466148,47.62765202343967],[13.100952372466148,47.64765202343966],[13.091255128300494,47.64765202343966],[13.088952372466148,47.65765202343966],[13.078629869795725,47.66788121968917],[13.081463149065709,47.68758047820684],[13.061575831500043,47.69769298942602],[13.052952372466146,47.70670097521419],[13.052952372466146,47.71765202343965],[13.02760416631258,47.71765202343965],[13.016952372466145,47.72333659940473],[13.016952372466145,47.727652023439646],[13.004952372466144,47.727652023439646],[13.004952372466144,47.71765202343965],[12.992952372466144,47.71765202343965],[12.992186241872648,47.70919714642711],[12.974507561872255,47.70770455699304],[12.956246351098773,47.70835148668613],[12.947157410973427,47.71272641788514],[12.925598622440406,47.71085291875609],[12.920952372466141,47.71765202343965],[12.90895237246614,47.72233803947177],[12.913031750136014,47.73756481216046],[12.920952372466141,47.73765202343965],[12.920952372466141,47.744185424635766],[12.93168028552175,47.745412290151414],[12.935903418933723,47.74788065371179],[12.938438474219893,47.75765202343965],[12.944952372466142,47.75765202343965],[12.942939933196735,47.771542396885636],[12.935482079958371,47.77075248534384],[12.932952372466142,47.77489106526111],[12.944952372466142,47.77765202343964],[12.944952372466142,47.78642687844694],[12.956952372466143,47.78765202343964],[12.956952372466143,47.794255724330306],[12.961233913975413,47.79765202343964],[12.968952372466143,47.79765202343964],[12.968952372466143,47.80620599283074],[12.977265560434967,47.817652023439635],[12.980952372466144,47.817652023439635],[12.984528504465855,47.82765202343963],[12.992952372466144,47.82765202343963],[12.992952372466144,47.83450387416461],[13.004952372466144,47.83765202343963],[13.004952372466144,47.85765202343962],[12.99973109281612,47.85765202343962],[12.982281463461714,47.87738373245507],[12.980952372466144,47.887652023439614],[12.975641043551912,47.887652023439614],[12.968952372466143,47.897994926741134],[12.968952372466143,47.90765202343961],[12.961655187710848,47.90765202343961],[12.956952372466143,47.91765202343961],[12.946608222138014,47.923345052052625],[12.944952372466142,47.9476520234396],[12.932952372466142,47.9476520234396],[12.932952372466142,47.940528820757436],[12.92332169745075,47.939941854609145],[12.920952372466141,47.9576520234396],[12.884599599248162,47.96006747095245],[12.874616963703179,47.96451377693448],[12.87295237246614,47.977652023439596],[12.867394975354145,47.977652023439596],[12.860952372466139,48.00765202343959],[12.848952372466139,48.018325449410945],[12.848952372466139,48.027652023439586],[12.836182375605953,48.027652023439586],[12.824952372466138,48.037652023439584],[12.812952372466137,48.041558496974055],[12.812952372466137,48.04765202343958],[12.802773469915765,48.04765202343958],[12.776952372466136,48.06310963686103],[12.776952372466136,48.06765202343958],[12.76980723874027,48.06765202343958],[12.764952372466135,48.07174697461455],[12.764952372466135,48.077652023439576],[12.759131322014486,48.077652023439576],[12.752952372466135,48.091646753401115],[12.752952372466135,48.11395133665126],[12.764952372466135,48.117652023439575],[12.764952372466135,48.12765202343957],[12.78718149695501,48.1240364324458],[12.796980547829834,48.13765202343957],[12.800952372466137,48.13765202343957],[12.800952372466137,48.14765202343957],[12.812952372466137,48.14765202343957],[12.812952372466137,48.15217201570099],[12.836952372466138,48.15765202343957],[12.836952372466138,48.16592108789233],[12.848952372466139,48.167652023439565],[12.852803771309175,48.17765202343956],[12.860952372466139,48.17765202343956],[12.865537895354679,48.19765202343956],[12.87295237246614,48.19765202343956],[12.87295237246614,48.202168618439316],[12.956952372466143,48.20765202343956],[12.97067351564295,48.217652023439555],[12.980952372466144,48.217652023439555],[12.980952372466144,48.224892515977714],[12.992952372466144,48.22765202343955],[12.992952372466144,48.233345392786134],[13.004952372466144,48.23765202343955],[13.008201878701946,48.24765202343955],[13.016952372466145,48.24765202343955],[13.016952372466145,48.25523862836349],[13.021252042721983,48.25765202343955],[13.040952372466146,48.25765202343955],[13.040952372466146,48.26274618621998],[13.064952372466147,48.267652023439545],[13.081264986973924,48.27765202343954],[13.13695237246615,48.27765202343954],[13.13695237246615,48.28173222696533],[13.14895237246615,48.28553160447668],[13.14895237246615,48.27765202343954],[13.16095237246615,48.27765202343954],[13.16095237246615,48.24765202343955],[13.184952372466151,48.24765202343955],[13.184952372466151,48.23765202343955],[13.196952372466152,48.23765202343955],[13.196952372466152,48.227652023439546],[13.184952372466151,48.227652023439546],[13.184952372466151,48.217652023439555],[13.232952372466153,48.217652023439555],[13.232952372466153,48.20765202343956],[13.244952372466154,48.20765202343956],[13.244952372466154,48.217652023439555],[13.256952372466154,48.217652023439555],[13.256952372466154,48.19765202343956],[13.268952372466154,48.19765202343956],[13.268952372466154,48.20765202343956],[13.280952372466155,48.20765202343956],[13.280952372466155,48.19765202343956],[13.292952372466155,48.19765202343956],[13.292952372466155,48.187652023439554],[13.280952372466155,48.187652023439554],[13.280952372466155,48.17765202343956],[13.292952372466155,48.17765202343956],[13.292952372466155,48.15765202343957],[13.316952372466156,48.15765202343957],[13.316952372466156,48.167652023439565],[13.352952372466158,48.167652023439565],[13.352952372466158,48.14765202343957],[13.376952372466159,48.14765202343957],[13.376952372466159,48.15765202343957],[13.40095237246616,48.15765202343957],[13.40095237246616,48.14765202343957],[13.42495237246616,48.14765202343957],[13.42495237246616,48.137652023439564],[13.41295237246616,48.137652023439564],[13.41295237246616,48.11765202343957],[13.40095237246616,48.11765202343957],[13.40095237246616,48.10765202343958],[13.43695237246616,48.10765202343958],[13.43695237246616,48.09765202343958],[13.484952372466163,48.09765202343958],[13.484952372466163,48.08765202343958],[13.508952372466164,48.08765202343958],[13.508952372466164,48.09765202343958],[13.532952372466164,48.09765202343958],[13.532952372466164,48.08765202343958],[13.544952372466165,48.08765202343958],[13.544952372466165,48.067652023439585],[13.556952372466165,48.067652023439585],[13.556952372466165,48.05765202343959],[13.568952372466166,48.05765202343959],[13.568952372466166,48.067652023439585],[13.580952372466166,48.067652023439585],[13.580952372466166,48.05765202343959],[13.592952372466167,48.05765202343959],[13.592952372466167,48.03765202343959],[13.616952372466168,48.03765202343959],[13.616952372466168,48.02765202343959],[13.628952372466168,48.02765202343959],[13.628952372466168,47.9976520234396],[13.640952372466169,47.9976520234396],[13.640952372466169,47.987652023439594],[13.628952372466168,47.987652023439594],[13.628952372466168,47.9576520234396],[13.604952372466167,47.9576520234396],[13.604952372466167,47.927652023439606],[13.592952372466167,47.927652023439606],[13.592952372466167,47.917652023439615],[13.628952372466168,47.917652023439615],[13.628952372466168,47.90765202343962],[13.652952372466169,47.90765202343962],[13.652952372466169,47.887652023439614],[13.640952372466169,47.887652023439614],[13.640952372466169,47.867652023439625],[13.652952372466169,47.867652023439625],[13.652952372466169,47.85765202343963],[13.66495237246617,47.85765202343963],[13.66495237246617,47.84765202343963],[13.67695237246617,47.84765202343963],[13.67695237246617,47.837652023439624],[13.66495237246617,47.837652023439624],[13.66495237246617,47.81765202343963],[13.652952372466169,47.81765202343963],[13.652952372466169,47.80765202343964],[13.66495237246617,47.80765202343964],[13.66495237246617,47.79765202343964],[13.68895237246617,47.79765202343964],[13.68895237246617,47.80765202343964],[13.736952372466172,47.80765202343964],[13.736952372466172,47.79765202343964],[13.772952372466174,47.79765202343964],[13.772952372466174,47.787652023439634],[13.760952372466173,47.787652023439634],[13.760952372466173,47.77765202343964],[13.796952372466174,47.77765202343964],[13.796952372466174,47.78765202343964],[13.832952372466176,47.78765202343964],[13.832952372466176,47.79765202343964],[13.868952372466177,47.79765202343964],[13.868952372466177,47.80765202343964],[13.880952372466178,47.80765202343964],[13.880952372466178,47.78765202343964],[13.892952372466178,47.78765202343964],[13.892952372466178,47.767652023439645],[13.904952372466179,47.767652023439645],[13.904952372466179,47.75765202343964],[13.892952372466178,47.75765202343964],[13.892952372466178,47.70765202343965],[13.880952372466178,47.70765202343965],[13.880952372466178,47.69765202343966],[13.92895237246618,47.69765202343966],[13.92895237246618,47.68765202343966],[14.000952372466182,47.68765202343966],[14.000952372466182,47.65765202343967],[14.012952372466183,47.65765202343967],[14.012952372466183,47.63765202343967],[14.024952372466183,47.63765202343967],[14.024952372466183,47.62765202343967],[14.048952372466184,47.62765202343967],[14.048952372466184,47.617652023439675],[14.072952372466185,47.617652023439675],[14.072952372466185,47.60765202343968],[14.144952372466188,47.60765202343968],[14.144952372466188,47.56765202343968],[14.132952372466187,47.56765202343968],[14.132952372466187,47.55765202343968],[14.108952372466186,47.55765202343968],[14.108952372466186,47.54765202343968],[14.024952372466183,47.54765202343968],[14.024952372466183,47.517652023439695],[14.072952372466185,47.517652023439695],[14.072952372466185,47.5076520234397],[14.084952372466185,47.5076520234397],[14.084952372466185,47.48765202343969],[14.072952372466185,47.48765202343969],[14.072952372466185,47.4576520234397],[14.060952372466184,47.4576520234397],[14.060952372466184,47.44765202343971],[14.084952372466185,47.44765202343971],[14.084952372466185,47.43765202343971],[14.096952372466186,47.43765202343971],[14.096952372466186,47.39765202343971],[14.084952372466185,47.39765202343971],[14.084952372466185,47.38765202343971],[14.072952372466185,47.38765202343971],[14.072952372466185,47.35765202343973],[14.084952372466185,47.35765202343973],[14.084952372466185,47.34765202343972],[14.072952372466185,47.34765202343972],[14.072952372466185,47.33765202343972],[14.060952372466184,47.33765202343972],[14.060952372466184,47.327652023439725],[14.036952372466184,47.327652023439725],[14.036952372466184,47.31765202343973],[14.000952372466182,47.31765202343973],[14.000952372466182,47.30765202343973],[13.988952372466182,47.30765202343973],[13.988952372466182,47.277652023439735],[13.94095237246618,47.277652023439735],[13.94095237246618,47.26765202343974],[13.916952372466179,47.26765202343974],[13.916952372466179,47.25765202343974],[13.868952372466177,47.25765202343974],[13.868952372466177,47.18765202343976],[13.880952372466178,47.18765202343976],[13.880952372466178,47.15765202343976],[13.868952372466177,47.15765202343976],[13.868952372466177,47.14765202343976],[13.844952372466176,47.14765202343976],[13.844952372466176,47.13765202343976],[13.820952372466175,47.13765202343976],[13.820952372466175,47.127652023439765],[13.796952372466174,47.127652023439765],[13.796952372466174,47.10765202343977],[13.784952372466174,47.10765202343977],[13.784952372466174,47.09765202343977],[13.772952372466174,47.09765202343977],[13.772952372466174,47.07765202343978],[13.784952372466174,47.07765202343978],[13.784952372466174,47.06765202343978],[13.760952372466173,47.06765202343978],[13.760952372466173,47.05765202343978],[13.748952372466173,47.05765202343978],[13.748952372466173,47.04765202343978],[13.736952372466172,47.04765202343978],[13.736952372466172,47.00765202343979],[13.70095237246617,47.00765202343979],[13.70095237246617,47.03765202343978],[13.68895237246617,47.03765202343978],[13.68895237246617,47.05765202343978],[13.652952372466169,47.05765202343978],[13.652952372466169,47.08765202343977],[13.616952372466168,47.08765202343977],[13.616952372466168,47.077652023439775],[13.604952372466167,47.077652023439775],[13.604952372466167,47.06765202343978],[13.592952372466167,47.06765202343978],[13.592952372466167,47.077652023439775],[13.580952372466166,47.077652023439775],[13.580952372466166,47.06765202343978],[13.568952372466166,47.06765202343978],[13.568952372466166,47.05765202343978],[13.556952372466165,47.05765202343978],[13.556952372466165,47.06765202343978],[13.532952372466164,47.06765202343978],[13.532952372466164,47.077652023439775],[13.460952372466162,47.077652023439775],[13.460952372466162,47.06765202343978],[13.42495237246616,47.06765202343978],[13.42495237246616,47.077652023439775],[13.40095237246616,47.077652023439775],[13.40095237246616,47.08765202343977],[13.388952372466159,47.08765202343977],[13.388952372466159,47.09765202343977],[13.376952372466159,47.09765202343977],[13.376952372466159,47.10765202343977],[13.364952372466158,47.10765202343977],[13.364952372466158,47.11765202343977],[13.316952372466156,47.11765202343977],[13.316952372466156,47.10765202343977],[13.292952372466155,47.10765202343977],[13.292952372466155,47.09765202343977],[13.268952372466154,47.09765202343977],[13.268952372466154,47.08765202343977],[13.244952372466154,47.08765202343977],[13.244952372466154,47.077652023439775],[13.232952372466153,47.077652023439775],[13.232952372466153,47.06765202343978],[13.208952372466152,47.06765202343978],[13.208952372466152,47.05765202343978],[13.184952372466151,47.05765202343978],[13.184952372466151,47.04765202343978],[13.14895237246615,47.04765202343978],[13.14895237246615,47.03765202343978],[13.088952372466148,47.03765202343978],[13.088952372466148,47.027652023439785],[13.064952372466147,47.027652023439785],[13.064952372466147,47.01765202343979],[13.040952372466146,47.01765202343979],[13.040952372466146,47.027652023439785],[13.028952372466145,47.027652023439785],[13.028952372466145,47.03765202343978],[12.980952372466144,47.03765202343978],[12.980952372466144,47.04765202343978],[12.944952372466142,47.04765202343978],[12.944952372466142,47.06765202343978],[12.932952372466142,47.06765202343978],[12.932952372466142,47.077652023439775],[12.920952372466141,47.077652023439775],[12.920952372466141,47.08765202343977],[12.89695237246614,47.08765202343977],[12.89695237246614,47.077652023439775],[12.88495237246614,47.077652023439775],[12.88495237246614,47.06765202343978],[12.87295237246614,47.06765202343978],[12.87295237246614,47.05765202343978],[12.848952372466139,47.05765202343978],[12.848952372466139,47.04765202343978],[12.824952372466138,47.04765202343978],[12.824952372466138,47.05765202343978],[12.800952372466137,47.05765202343978],[12.800952372466137,47.04765202343978],[12.788952372466136,47.04765202343978],[12.788952372466136,47.03765202343978],[12.776952372466136,47.03765202343978],[12.776952372466136,47.027652023439785],[12.740952372466134,47.027652023439785],[12.740952372466134,47.03765202343978],[12.728952372466134,47.03765202343978],[12.728952372466134,47.04765202343978],[12.716952372466134,47.04765202343978],[12.716952372466134,47.05765202343978],[12.692952372466133,47.05765202343978],[12.692952372466133,47.06765202343978],[12.680952372466132,47.06765202343978],[12.680952372466132,47.077652023439775],[12.668952372466132,47.077652023439775],[12.668952372466132,47.09765202343977],[12.62095237246613,47.09765202343977],[12.62095237246613,47.08765202343977],[12.60895237246613,47.08765202343977],[12.60895237246613,47.077652023439775],[12.596952372466129,47.077652023439775],[12.596952372466129,47.06765202343978],[12.584952372466129,47.06765202343978],[12.584952372466129,47.02765202343979],[12.596952372466129,47.02765202343979],[12.596952372466129,46.977652023439795],[12.548952372466127,46.977652023439795],[12.548952372466127,46.9676520234398],[12.512952372466126,46.9676520234398],[12.512952372466126,46.9576520234398],[12.476952372466124,46.9576520234398],[12.476952372466124,46.9676520234398],[12.440952372466123,46.9676520234398],[12.440952372466123,46.9576520234398],[12.38095237246612,46.9576520234398],[12.38095237246612,46.9676520234398]],[[13.568952372466166,47.107652023439776],[13.568952372466166,47.11765202343977],[13.556952372466165,47.11765202343977],[13.556952372466165,47.107652023439776],[13.568952372466166,47.107652023439776]],[[13.40095237246616,48.09765202343958],[13.40095237246616,48.10765202343957],[13.376952372466159,48.10765202343957],[13.376952372466159,48.09765202343958],[13.40095237246616,48.09765202343958]],[[13.484952372466163,47.15765202343976],[13.484952372466163,47.12765202343977],[13.496952372466163,47.12765202343977],[13.496952372466163,47.13765202343977],[13.508952372466164,47.13765202343977],[13.508952372466164,47.15765202343976],[13.484952372466163,47.15765202343976]],[[13.592952372466167,47.107652023439776],[13.592952372466167,47.11765202343977],[13.580952372466166,47.11765202343977],[13.580952372466166,47.107652023439776],[13.592952372466167,47.107652023439776]]],[[[12.936454698718062,47.75765202343965],[12.936206532955888,47.75756276119586],[12.936170220027032,47.75765202343965],[12.936454698718062,47.75765202343965]]],[[[13.604952372466167,47.057652023439786],[13.604952372466167,47.027652023439785],[13.592952372466167,47.027652023439785],[13.592952372466167,47.057652023439786],[13.604952372466167,47.057652023439786]]],[[[13.712952372466171,47.95765202343961],[13.724952372466172,47.95765202343961],[13.724952372466172,47.9476520234396],[13.712952372466171,47.9476520234396],[13.712952372466171,47.95765202343961]]]]}},{"type":"Feature","properties":{"id":"Graz Kalsdorf","name":"Tesla Service Kalsdorf bei Graz","color":"#117a65"},"geometry":{"type":"MultiPolygon","coordinates":[[[[14.396952372466197,47.28765202343973],[14.312952372466194,47.28765202343973],[14.312952372466194,47.29765202343973],[14.300952372466194,47.29765202343973],[14.300952372466194,47.30765202343973],[14.288952372466193,47.30765202343973],[14.288952372466193,47.31765202343973],[14.240952372466191,47.31765202343973],[14.240952372466191,47.327652023439725],[14.21695237246619,47.327652023439725],[14.21695237246619,47.33765202343973],[14.22895237246619,47.33765202343973],[14.22895237246619,47.37765202343972],[14.240952372466191,47.37765202343972],[14.240952372466191,47.38765202343972],[14.288952372466193,47.38765202343972],[14.288952372466193,47.39765202343972],[14.324952372466194,47.39765202343972],[14.324952372466194,47.40765202343972],[14.348952372466195,47.40765202343972],[14.348952372466195,47.417652023439715],[14.372952372466196,47.417652023439715],[14.372952372466196,47.42765202343971],[14.384952372466197,47.42765202343971],[14.384952372466197,47.44765202343971],[14.396952372466197,47.44765202343971],[14.396952372466197,47.477652023439695],[14.384952372466197,47.477652023439695],[14.384952372466197,47.4976520234397],[14.396952372466197,47.4976520234397],[14.396952372466197,47.5076520234397],[14.408952372466198,47.5076520234397],[14.408952372466198,47.53765202343969],[14.420952372466198,47.53765202343969],[14.420952372466198,47.54765202343969],[14.4569523724662,47.54765202343969],[14.4569523724662,47.55765202343969],[14.4689523724662,47.55765202343969],[14.4689523724662,47.567652023439685],[14.4809523724662,47.567652023439685],[14.4809523724662,47.55765202343969],[14.516952372466202,47.55765202343969],[14.516952372466202,47.54765202343969],[14.528952372466202,47.54765202343969],[14.528952372466202,47.52765202343969],[14.552952372466203,47.52765202343969],[14.552952372466203,47.517652023439695],[14.576952372466204,47.517652023439695],[14.576952372466204,47.5076520234397],[14.612952372466205,47.5076520234397],[14.612952372466205,47.4976520234397],[14.672952372466208,47.4976520234397],[14.672952372466208,47.517652023439695],[14.684952372466208,47.517652023439695],[14.684952372466208,47.53765202343968],[14.672952372466208,47.53765202343968],[14.672952372466208,47.55765202343968],[14.636952372466206,47.55765202343968],[14.636952372466206,47.567652023439685],[14.648952372466207,47.567652023439685],[14.648952372466207,47.59765202343968],[14.660952372466207,47.59765202343968],[14.660952372466207,47.60765202343968],[14.672952372466208,47.60765202343968],[14.672952372466208,47.617652023439675],[14.708952372466209,47.617652023439675],[14.708952372466209,47.62765202343967],[14.72095237246621,47.62765202343967],[14.72095237246621,47.63765202343967],[14.73295237246621,47.63765202343967],[14.73295237246621,47.65765202343967],[14.74495237246621,47.65765202343967],[14.74495237246621,47.667652023439665],[14.768952372466211,47.667652023439665],[14.768952372466211,47.65765202343967],[14.804952372466213,47.65765202343967],[14.804952372466213,47.62765202343967],[14.816952372466213,47.62765202343967],[14.816952372466213,47.617652023439675],[14.852952372466214,47.617652023439675],[14.852952372466214,47.60765202343968],[14.900952372466216,47.60765202343968],[14.900952372466216,47.59765202343968],[15.044952372466222,47.59765202343968],[15.044952372466222,47.60765202343968],[15.092952372466224,47.60765202343968],[15.092952372466224,47.617652023439675],[15.116952372466224,47.617652023439675],[15.116952372466224,47.60765202343968],[15.188952372466227,47.60765202343968],[15.188952372466227,47.62765202343967],[15.200952372466228,47.62765202343967],[15.200952372466228,47.63765202343967],[15.212952372466228,47.63765202343967],[15.212952372466228,47.64765202343967],[15.224952372466229,47.64765202343967],[15.224952372466229,47.65765202343967],[15.236952372466229,47.65765202343967],[15.236952372466229,47.667652023439665],[15.24895237246623,47.667652023439665],[15.24895237246623,47.67765202343966],[15.26095237246623,47.67765202343966],[15.26095237246623,47.68765202343966],[15.28495237246623,47.68765202343966],[15.28495237246623,47.67765202343966],[15.308952372466232,47.67765202343966],[15.308952372466232,47.667652023439665],[15.332952372466233,47.667652023439665],[15.332952372466233,47.64765202343967],[15.344952372466233,47.64765202343967],[15.344952372466233,47.63765202343967],[15.380952372466234,47.63765202343967],[15.380952372466234,47.64765202343967],[15.404952372466235,47.64765202343967],[15.404952372466235,47.65765202343967],[15.440952372466237,47.65765202343967],[15.440952372466237,47.64765202343967],[15.464952372466238,47.64765202343967],[15.464952372466238,47.63765202343967],[15.488952372466239,47.63765202343967],[15.488952372466239,47.62765202343967],[15.560952372466241,47.62765202343967],[15.560952372466241,47.617652023439675],[15.572952372466242,47.617652023439675],[15.572952372466242,47.62765202343967],[15.608952372466243,47.62765202343967],[15.608952372466243,47.57765202343968],[15.620952372466244,47.57765202343968],[15.620952372466244,47.567652023439685],[15.632952372466244,47.567652023439685],[15.632952372466244,47.55765202343968],[15.608952372466243,47.55765202343968],[15.608952372466243,47.54765202343969],[15.644952372466244,47.54765202343969],[15.644952372466244,47.53765202343969],[15.668952372466245,47.53765202343969],[15.668952372466245,47.52765202343969],[15.704952372466247,47.52765202343969],[15.704952372466247,47.53765202343969],[15.716952372466247,47.53765202343969],[15.716952372466247,47.55765202343969],[15.764952372466249,47.55765202343969],[15.764952372466249,47.54765202343969],[15.77695237246625,47.54765202343969],[15.77695237246625,47.53765202343969],[15.78895237246625,47.53765202343969],[15.78895237246625,47.52765202343969],[15.80095237246625,47.52765202343969],[15.80095237246625,47.53765202343969],[15.824952372466251,47.53765202343969],[15.824952372466251,47.5076520234397],[15.860952372466253,47.5076520234397],[15.860952372466253,47.517652023439695],[15.884952372466254,47.517652023439695],[15.884952372466254,47.52765202343969],[15.896952372466254,47.52765202343969],[15.896952372466254,47.54765202343969],[15.920952372466255,47.54765202343969],[15.920952372466255,47.53765202343969],[15.932952372466255,47.53765202343969],[15.932952372466255,47.52765202343969],[15.944952372466256,47.52765202343969],[15.944952372466256,47.5076520234397],[15.956952372466256,47.5076520234397],[15.956952372466256,47.4976520234397],[15.968952372466257,47.4976520234397],[15.968952372466257,47.4776520234397],[16.004952372466256,47.4776520234397],[16.004952372466256,47.467652023439705],[16.040952372466258,47.467652023439705],[16.040952372466258,47.4776520234397],[16.052952372466258,47.4776520234397],[16.052952372466258,47.467652023439705],[16.06495237246626,47.467652023439705],[16.06495237246626,47.45765202343971],[16.07695237246626,47.45765202343971],[16.07695237246626,47.467652023439705],[16.08895237246626,47.467652023439705],[16.08895237246626,47.4776520234397],[16.10095237246626,47.4776520234397],[16.10095237246626,47.44765202343971],[16.11295237246626,47.44765202343971],[16.11295237246626,47.43765202343971],[16.12495237246626,47.43765202343971],[16.12495237246626,47.44765202343971],[16.160952372466262,47.44765202343971],[16.160952372466262,47.42765202343971],[16.172952372466263,47.42765202343971],[16.172952372466263,47.417652023439715],[16.208952372466264,47.417652023439715],[16.208952372466264,47.42765202343971],[16.232952372466265,47.42765202343971],[16.232952372466265,47.43765202343971],[16.244952372466265,47.43765202343971],[16.244952372466265,47.42765202343971],[16.280952372466267,47.42765202343971],[16.280952372466267,47.417652023439715],[16.292952372466267,47.417652023439715],[16.292952372466267,47.40765202343972],[16.316952372466268,47.40765202343972],[16.316952372466268,47.417652023439715],[16.32895237246627,47.417652023439715],[16.32895237246627,47.40765202343972],[16.36495237246627,47.40765202343972],[16.36495237246627,47.39765202343972],[16.37695237246627,47.39765202343972],[16.37695237246627,47.38765202343971],[16.36495237246627,47.38765202343971],[16.36495237246627,47.35765202343973],[16.40095237246627,47.35765202343973],[16.40095237246627,47.367652023439724],[16.448952372466273,47.367652023439724],[16.448952372466273,47.35780653062614],[16.436952372466273,47.35765202343972],[16.436952372466273,47.34765202343973],[16.445736800467795,47.346813761104244],[16.448952372466273,47.33765202343973],[16.460952372466274,47.33765202343973],[16.460952372466274,47.32765202343973],[16.46966480687873,47.32562671406753],[16.472952372466274,47.307652023439736],[16.47831267857086,47.307652023439736],[16.482924492148072,47.29812674334565],[16.484952372466275,47.27830171414168],[16.472952372466274,47.277652023439735],[16.472952372466274,47.267652023439744],[16.479003974149627,47.267652023439744],[16.48109439443655,47.262959670346106],[16.474066755559477,47.25765202343974],[16.448952372466273,47.25765202343974],[16.448952372466273,47.25098311426038],[16.432926568018207,47.25333266018526],[16.431617049994145,47.250740938726935],[16.442914486708393,47.24898524088856],[16.44366112088751,47.23765202343974],[16.436952372466273,47.23765202343974],[16.436952372466273,47.21034599359656],[16.42450060768262,47.208110002711514],[16.42008228124796,47.211004336914954],[16.41803180529953,47.20572153211571],[16.424952372466272,47.18765202343976],[16.430407254943006,47.185055679453406],[16.45589154588622,47.18765202343976],[16.460952372466274,47.17609381088425],[16.460952372466274,47.15884073948971],[16.448952372466273,47.15765202343976],[16.448952372466273,47.14765202343977],[16.45543370830761,47.14268302018743],[16.48602209554174,47.14765202343977],[16.519209591675697,47.14765202343977],[16.520952372466276,47.13765202343977],[16.529927720999908,47.13765202343977],[16.530471352545852,47.127652023439765],[16.496952372466275,47.127652023439765],[16.496952372466275,47.110179685980086],[16.48401632236556,47.10913070339455],[16.484952372466275,47.10282079336366],[16.478814849593718,47.10178499004574],[16.475901086594792,47.10558011252649],[16.473763596414987,47.10092704765434],[16.460952372466274,47.09765202343977],[16.460952372466274,47.08765202343978],[16.472952372466274,47.08690146334654],[16.47404153043248,47.073948943129984],[16.483598167296417,47.075391106605736],[16.484952372466275,47.067652023439784],[16.511199255278456,47.0666388826139],[16.520952372466276,47.0622064704844],[16.520952372466276,47.05765202343978],[16.508952372466275,47.05765202343978],[16.507804036224815,47.04991444954721],[16.460952372466274,47.04765202343978],[16.457384815063755,47.04062889193479],[16.436952372466273,47.03765202343978],[16.436952372466273,47.02765202343979],[16.44890862910641,47.023029468394625],[16.456560282560456,47.02765202343979],[16.472952372466274,47.02765202343979],[16.472952372466274,47.017652023439794],[16.48561269193331,47.017652023439794],[16.508952372466275,47.00138850514769],[16.46465853954468,46.99765202343979],[16.460952372466274,47.00765202343979],[16.448952372466273,47.00765202343979],[16.4468705943843,46.99765202343979],[16.420414252186102,46.99765202343979],[16.412952372466272,47.00765202343979],[16.38895237246627,47.00765202343979],[16.38895237246627,47.00122286461866],[16.384205165021953,46.99914572843813],[16.37695237246627,47.00019619187184],[16.37695237246627,47.00765202343979],[16.35095037499431,47.01076324383716],[16.34095237246627,47.00765202343979],[16.34095237246627,46.99765202343979],[16.32895237246627,47.001140948128395],[16.32895237246627,47.00765202343979],[16.316952372466268,47.00765202343979],[16.316952372466268,47.001439617265945],[16.304952372466268,46.99874636917532],[16.304952372466268,47.00765202343979],[16.29119404793347,47.014321301390154],[16.286129882007465,47.00765202343979],[16.280952372466267,47.00765202343979],[16.27753291849945,46.96299597479277],[16.270419955644332,46.961552170649455],[16.268952372466266,46.9676520234398],[16.256952372466266,46.9676520234398],[16.24386731258158,46.95635419897457],[16.244952372466265,46.9476520234398],[16.232952372466265,46.9476520234398],[16.232952372466265,46.942535182575725],[16.229470914243738,46.94352346650935],[16.223888861893712,46.9376520234398],[16.211119245857006,46.942858067627114],[16.208762164938904,46.939230392518596],[16.207014326347267,46.942905700957816],[16.200989069443395,46.942154364056464],[16.190897849911398,46.927652023439805],[16.184952372466263,46.927652023439805],[16.180443920704022,46.90765202343981],[16.160952372466262,46.90765202343981],[16.159567906423877,46.89765202343981],[16.148952372466262,46.89765202343981],[16.146881374059507,46.88765202343981],[16.13695237246626,46.88765202343981],[16.135055555919553,46.877652023439815],[16.12495237246626,46.877652023439815],[16.12495237246626,46.872208937961254],[16.109366006390022,46.86765202343982],[16.08895237246626,46.86765202343982],[16.08895237246626,46.86113961281207],[16.066698041939116,46.85022805244587],[16.059454558340725,46.83900671690222],[16.044030417320165,46.84111685054722],[16.04132056739891,46.83765202343982],[16.03280497081097,46.83765202343982],[16.02840045195048,46.84147896141119],[16.021206314898308,46.83765202343982],[15.992952372466258,46.83765202343982],[15.986428537799245,46.8276533760174],[15.992952372466258,46.81757839965816],[15.990816048086115,46.75812160628006],[15.980952372466257,46.75765202343984],[15.980952372466257,46.74765202343985],[15.987742594741958,46.74765202343985],[15.992952372466258,46.72765202343985],[16.004693284818938,46.72333668314787],[16.00464648751653,46.7174927036918],[16.01546265972616,46.71720378973764],[16.016952372466257,46.707652023439856],[16.028952372466257,46.707652023439856],[16.028952372466257,46.69765202343986],[16.037623746040786,46.69546011236369],[16.040952372466258,46.69028220707919],[16.039400515224116,46.65765202343986],[16.028952372466257,46.660474760830354],[16.028952372466257,46.66765202343986],[16.009329714817977,46.66765202343986],[16.004952372466256,46.677652023439855],[15.992952372466258,46.68268075031834],[15.992952372466258,46.68765202343985],[15.947960624000574,46.689450162538876],[15.944952372466256,46.69765202343985],[15.93416276487405,46.69765202343985],[15.920952372466255,46.70765202343985],[15.896952372466254,46.71366985307683],[15.896952372466254,46.71765202343985],[15.840729353279718,46.722726930330296],[15.80095237246625,46.71765202343985],[15.786083943933589,46.70765202343985],[15.77695237246625,46.70765202343985],[15.77695237246625,46.70308910901386],[15.769488012602512,46.699359276155974],[15.709836663811705,46.69765202343985],[15.692952372466246,46.7007293794554],[15.692952372466246,46.70765202343985],[15.656952372466245,46.70765202343985],[15.650983484407629,46.7061068151897],[15.654662328320516,46.692442582185244],[15.6397126722116,46.69176401326662],[15.632952372466244,46.68765202343985],[15.630985168399388,46.680389501668145],[15.620952372466244,46.680169425015826],[15.620952372466244,46.68765202343985],[15.596123063314469,46.69036068107714],[15.572952372466242,46.68765202343985],[15.572952372466242,46.68089347132806],[15.568674657603976,46.677652023439855],[15.54895237246624,46.677652023439855],[15.54895237246624,46.67027102784986],[15.54467985617261,46.66963874441213],[15.54895237246624,46.66524040864],[15.54895237246624,46.648825538493426],[15.544859706325852,46.64642888829143],[15.54895237246624,46.638110869562155],[15.543437015830122,46.630292870933005],[15.53810189299043,46.63425777756685],[15.529046106412657,46.627652023439865],[15.51295237246624,46.627652023439865],[15.51244808537853,46.61765202343987],[15.489171913127239,46.62106228104777],[15.48345937229688,46.61765202343987],[15.464952372466238,46.61765202343987],[15.464952372466238,46.627652023439865],[15.456045034054872,46.63046429667654],[15.457837176998497,46.63932170510488],[15.43464074571112,46.64277484179808],[15.428952372466236,46.64715281116852],[15.428952372466236,46.65765202343986],[15.392952372466235,46.65765202343986],[15.392952372466235,46.65267493046342],[15.373269559425216,46.65009244910804],[15.356952372466234,46.65179758165962],[15.356952372466234,46.65765202343986],[15.332952372466233,46.65765202343986],[15.332952372466233,46.65354376624705],[15.320397333147334,46.648197782408765],[15.308952372466232,46.652844943174046],[15.308952372466232,46.65765202343986],[15.296952372466231,46.65765202343986],[15.296952372466231,46.65304971728463],[15.285235828617347,46.64765202343986],[15.24895237246623,46.64765202343986],[15.24895237246623,46.64216250698194],[15.236850484781776,46.63974157718426],[15.212952372466228,46.64409057351396],[15.212952372466228,46.64765202343986],[15.195352944974944,46.64765202343986],[15.188952372466227,46.65765202343986],[15.104952372466224,46.65827089117291],[15.104952372466224,46.66765202343986],[15.044952372466222,46.66765202343986],[15.044952372466222,46.68765202343985],[15.032952372466221,46.68765202343985],[15.032952372466221,46.69765202343985],[15.02095237246622,46.69765202343985],[15.02095237246622,46.71765202343985],[15.00895237246622,46.71765202343985],[15.00895237246622,46.767652023439844],[15.02095237246622,46.767652023439844],[15.02095237246622,46.777652023439835],[15.00895237246622,46.777652023439835],[15.00895237246622,46.78765202343983],[14.99695237246622,46.78765202343983],[14.99695237246622,46.79765202343983],[14.98495237246622,46.79765202343983],[14.98495237246622,46.81765202343983],[14.972952372466219,46.81765202343983],[14.972952372466219,46.84765202343983],[14.98495237246622,46.84765202343983],[14.98495237246622,46.857652023439826],[15.00895237246622,46.857652023439826],[15.00895237246622,46.867652023439824],[15.02095237246622,46.867652023439824],[15.02095237246622,46.88765202343981],[15.00895237246622,46.88765202343981],[15.00895237246622,46.89765202343981],[14.960952372466219,46.89765202343981],[14.960952372466219,46.90765202343981],[14.924952372466217,46.90765202343981],[14.924952372466217,46.89765202343981],[14.912952372466217,46.89765202343981],[14.912952372466217,46.90765202343981],[14.900952372466216,46.90765202343981],[14.900952372466216,46.91765202343981],[14.876952372466215,46.91765202343981],[14.876952372466215,46.927652023439805],[14.864952372466215,46.927652023439805],[14.864952372466215,46.90765202343981],[14.852952372466214,46.90765202343981],[14.852952372466214,46.89765202343981],[14.840952372466214,46.89765202343981],[14.840952372466214,46.90765202343981],[14.828952372466214,46.90765202343981],[14.828952372466214,46.91765202343981],[14.816952372466213,46.91765202343981],[14.816952372466213,46.90765202343981],[14.792952372466212,46.90765202343981],[14.792952372466212,46.91765202343981],[14.75695237246621,46.91765202343981],[14.75695237246621,46.92765202343981],[14.768952372466211,46.92765202343981],[14.768952372466211,46.9376520234398],[14.73295237246621,46.9376520234398],[14.73295237246621,46.9476520234398],[14.696952372466209,46.9476520234398],[14.696952372466209,46.9576520234398],[14.672952372466208,46.9576520234398],[14.672952372466208,46.9676520234398],[14.660952372466207,46.9676520234398],[14.660952372466207,46.9576520234398],[14.648952372466207,46.9576520234398],[14.648952372466207,46.9676520234398],[14.636952372466206,46.9676520234398],[14.636952372466206,46.977652023439795],[14.624952372466206,46.977652023439795],[14.624952372466206,46.99765202343979],[14.600952372466205,46.99765202343979],[14.600952372466205,47.00765202343979],[14.588952372466204,47.00765202343979],[14.588952372466204,47.01765202343979],[14.576952372466204,47.01765202343979],[14.576952372466204,47.03765202343978],[14.564952372466204,47.03765202343978],[14.564952372466204,47.06765202343978],[14.540952372466203,47.06765202343978],[14.540952372466203,47.127652023439765],[14.504952372466201,47.127652023439765],[14.504952372466201,47.17765202343976],[14.540952372466203,47.17765202343976],[14.540952372466203,47.18765202343976],[14.552952372466203,47.18765202343976],[14.552952372466203,47.19765202343976],[14.576952372466204,47.19765202343976],[14.576952372466204,47.20765202343975],[14.540952372466203,47.20765202343975],[14.540952372466203,47.21765202343975],[14.528952372466202,47.21765202343975],[14.528952372466202,47.227652023439745],[14.504952372466201,47.227652023439745],[14.504952372466201,47.25765202343974],[14.4809523724662,47.25765202343974],[14.4809523724662,47.26765202343974],[14.444952372466199,47.26765202343974],[14.444952372466199,47.277652023439735],[14.396952372466197,47.277652023439735],[14.396952372466197,47.28765202343973]],[[16.08895237246626,47.417652023439715],[16.10095237246626,47.417652023439715],[16.10095237246626,47.427652023439705],[16.08895237246626,47.427652023439705],[16.08895237246626,47.417652023439715]]],[[[14.828952372466214,46.88765202343982],[14.840952372466214,46.88765202343982],[14.840952372466214,46.85765202343982],[14.828952372466214,46.85765202343982],[14.828952372466214,46.88765202343981],[14.816952372466213,46.88765202343981],[14.816952372466213,46.89765202343982],[14.828952372466214,46.89765202343982],[14.828952372466214,46.88765202343982]]]]}},{"type":"Feature","properties":{"id":"Klagenfurt","name":"Tesla Service Klagenfurt","color":"#a04000"},"geometry":{"type":"MultiPolygon","coordinates":[[[[12.35695237246612,46.777652023439835],[12.320952372466119,46.78300223030499],[12.320952372466119,46.78765202343983],[12.284952372466117,46.78765202343983],[12.288231478775547,46.79765202343984],[12.296952372466118,46.79765202343984],[12.296952372466118,46.80765202343983],[12.289358615326725,46.80765202343983],[12.284952372466117,46.81714611975454],[12.297351664430522,46.82765202343983],[12.308952372466118,46.82765202343983],[12.308952372466118,46.84765202343982],[12.297113006499155,46.84765202343982],[12.296952372466118,46.86765202343982],[12.286915996454608,46.86765202343982],[12.276435029933904,46.87315362387652],[12.278770071030765,46.879551611258236],[12.272952372466117,46.88765202343981],[12.242356998349036,46.89132868462053],[12.236465952555136,46.88918939401293],[12.232922263721063,46.88116062502534],[12.212952372466114,46.877652023439815],[12.212952372466114,46.88765202343981],[12.200952372466114,46.88774671685268],[12.200952372466114,46.90765202343981],[12.170273423535956,46.91062027785521],[12.16186478960784,46.90765202343981],[12.152952372466112,46.91172800602856],[12.152952372466112,46.91743946105998],[12.16012917732426,46.92765202343981],[12.164952372466113,46.92765202343981],[12.16922364244203,46.937786079368244],[12.164952372466113,46.9476520234398],[12.152952372466112,46.95273431371918],[12.152952372466112,46.9576520234398],[12.1378434353551,46.9576520234398],[12.13245923716099,46.96281135533627],[12.140952372466112,46.967652023439804],[12.140952372466112,46.98765202343979],[12.129637820935416,46.98765202343979],[12.128952372466111,47.01460162881303],[12.140952372466112,47.017652023439794],[12.147958405330593,47.025398308893784],[12.152952372466112,47.0245126794525],[12.152952372466112,47.017652023439794],[12.164952372466113,47.017652023439794],[12.18078046174568,47.02599460902353],[12.212952372466114,47.02765202343979],[12.212952372466114,47.03765202343979],[12.224952372466115,47.03765202343979],[12.224952372466115,47.017652023439794],[12.236952372466115,47.017652023439794],[12.236952372466115,47.007652023439796],[12.248952372466116,47.007652023439796],[12.248952372466116,46.9876520234398],[12.272952372466117,46.9876520234398],[12.272952372466117,46.9776520234398],[12.284952372466117,46.9776520234398],[12.284952372466117,46.967652023439804],[12.38095237246612,46.967652023439804],[12.38095237246612,46.957652023439806],[12.440952372466123,46.957652023439806],[12.440952372466123,46.967652023439804],[12.476952372466124,46.967652023439804],[12.476952372466124,46.957652023439806],[12.512952372466126,46.957652023439806],[12.512952372466126,46.967652023439804],[12.548952372466127,46.967652023439804],[12.548952372466127,46.9776520234398],[12.596952372466129,46.9776520234398],[12.596952372466129,47.027652023439785],[12.584952372466129,47.027652023439785],[12.584952372466129,47.067652023439784],[12.596952372466129,47.067652023439784],[12.596952372466129,47.07765202343978],[12.60895237246613,47.07765202343978],[12.60895237246613,47.08765202343978],[12.62095237246613,47.08765202343978],[12.62095237246613,47.09765202343978],[12.668952372466132,47.09765202343978],[12.668952372466132,47.07765202343978],[12.680952372466132,47.07765202343978],[12.680952372466132,47.067652023439784],[12.692952372466133,47.067652023439784],[12.692952372466133,47.057652023439786],[12.716952372466134,47.057652023439786],[12.716952372466134,47.04765202343979],[12.728952372466134,47.04765202343979],[12.728952372466134,47.03765202343979],[12.740952372466134,47.03765202343979],[12.740952372466134,47.02765202343979],[12.776952372466136,47.02765202343979],[12.776952372466136,47.03765202343979],[12.788952372466136,47.03765202343979],[12.788952372466136,47.04765202343979],[12.800952372466137,47.04765202343979],[12.800952372466137,47.057652023439786],[12.824952372466138,47.057652023439786],[12.824952372466138,47.04765202343979],[12.848952372466139,47.04765202343979],[12.848952372466139,47.057652023439786],[12.87295237246614,47.057652023439786],[12.87295237246614,47.067652023439784],[12.88495237246614,47.067652023439784],[12.88495237246614,47.07765202343978],[12.89695237246614,47.07765202343978],[12.89695237246614,47.08765202343978],[12.920952372466141,47.08765202343978],[12.920952372466141,47.07765202343978],[12.932952372466142,47.07765202343978],[12.932952372466142,47.067652023439784],[12.944952372466142,47.067652023439784],[12.944952372466142,47.04765202343979],[12.980952372466144,47.04765202343979],[12.980952372466144,47.03765202343979],[13.028952372466145,47.03765202343979],[13.028952372466145,47.02765202343979],[13.040952372466146,47.02765202343979],[13.040952372466146,47.017652023439794],[13.064952372466147,47.017652023439794],[13.064952372466147,47.02765202343979],[13.088952372466148,47.02765202343979],[13.088952372466148,47.03765202343979],[13.14895237246615,47.03765202343979],[13.14895237246615,47.04765202343979],[13.184952372466151,47.04765202343979],[13.184952372466151,47.057652023439786],[13.208952372466152,47.057652023439786],[13.208952372466152,47.067652023439784],[13.232952372466153,47.067652023439784],[13.232952372466153,47.07765202343978],[13.244952372466154,47.07765202343978],[13.244952372466154,47.08765202343978],[13.268952372466154,47.08765202343978],[13.268952372466154,47.09765202343978],[13.292952372466155,47.09765202343978],[13.292952372466155,47.107652023439776],[13.316952372466156,47.107652023439776],[13.316952372466156,47.117652023439774],[13.364952372466158,47.117652023439774],[13.364952372466158,47.107652023439776],[13.376952372466159,47.107652023439776],[13.376952372466159,47.09765202343978],[13.388952372466159,47.09765202343978],[13.388952372466159,47.08765202343978],[13.40095237246616,47.08765202343978],[13.40095237246616,47.07765202343978],[13.42495237246616,47.07765202343978],[13.42495237246616,47.067652023439784],[13.460952372466162,47.067652023439784],[13.460952372466162,47.07765202343978],[13.532952372466164,47.07765202343978],[13.532952372466164,47.067652023439784],[13.556952372466165,47.067652023439784],[13.556952372466165,47.057652023439786],[13.568952372466166,47.057652023439786],[13.568952372466166,47.067652023439784],[13.580952372466166,47.067652023439784],[13.580952372466166,47.07765202343978],[13.592952372466167,47.07765202343978],[13.592952372466167,47.067652023439784],[13.604952372466167,47.067652023439784],[13.604952372466167,47.07765202343978],[13.616952372466168,47.07765202343978],[13.616952372466168,47.08765202343978],[13.652952372466169,47.08765202343978],[13.652952372466169,47.057652023439786],[13.68895237246617,47.057652023439786],[13.68895237246617,47.03765202343979],[13.70095237246617,47.03765202343979],[13.70095237246617,47.007652023439796],[13.736952372466172,47.007652023439796],[13.736952372466172,47.04765202343979],[13.748952372466173,47.04765202343979],[13.748952372466173,47.057652023439786],[13.760952372466173,47.057652023439786],[13.760952372466173,47.067652023439784],[13.784952372466174,47.067652023439784],[13.784952372466174,47.077652023439775],[13.772952372466174,47.077652023439775],[13.772952372466174,47.09765202343978],[13.784952372466174,47.09765202343978],[13.784952372466174,47.107652023439776],[13.796952372466174,47.107652023439776],[13.796952372466174,47.12765202343977],[13.820952372466175,47.12765202343977],[13.820952372466175,47.13765202343977],[13.844952372466176,47.13765202343977],[13.844952372466176,47.14765202343977],[13.868952372466177,47.14765202343977],[13.868952372466177,47.157652023439766],[13.880952372466178,47.157652023439766],[13.880952372466178,47.18765202343975],[13.868952372466177,47.18765202343975],[13.868952372466177,47.257652023439746],[13.916952372466179,47.257652023439746],[13.916952372466179,47.267652023439744],[13.94095237246618,47.267652023439744],[13.94095237246618,47.27765202343974],[13.988952372466182,47.27765202343974],[13.988952372466182,47.307652023439736],[14.000952372466182,47.307652023439736],[14.000952372466182,47.317652023439734],[14.036952372466184,47.317652023439734],[14.036952372466184,47.32765202343973],[14.060952372466184,47.32765202343973],[14.060952372466184,47.33765202343973],[14.072952372466185,47.33765202343973],[14.072952372466185,47.34765202343973],[14.096952372466186,47.34765202343973],[14.096952372466186,47.33765202343973],[14.108952372466186,47.33765202343973],[14.108952372466186,47.32765202343973],[14.120952372466187,47.32765202343973],[14.120952372466187,47.317652023439734],[14.21695237246619,47.317652023439734],[14.21695237246619,47.32765202343973],[14.240952372466191,47.32765202343973],[14.240952372466191,47.317652023439734],[14.288952372466193,47.317652023439734],[14.288952372466193,47.307652023439736],[14.300952372466194,47.307652023439736],[14.300952372466194,47.29765202343974],[14.312952372466194,47.29765202343974],[14.312952372466194,47.28765202343974],[14.396952372466197,47.28765202343974],[14.396952372466197,47.27765202343974],[14.444952372466199,47.27765202343974],[14.444952372466199,47.267652023439744],[14.4809523724662,47.267652023439744],[14.4809523724662,47.257652023439746],[14.504952372466201,47.257652023439746],[14.504952372466201,47.22765202343975],[14.528952372466202,47.22765202343975],[14.528952372466202,47.217652023439754],[14.540952372466203,47.217652023439754],[14.540952372466203,47.207652023439756],[14.576952372466204,47.207652023439756],[14.576952372466204,47.19765202343975],[14.552952372466203,47.19765202343975],[14.552952372466203,47.18765202343975],[14.540952372466203,47.18765202343975],[14.540952372466203,47.177652023439755],[14.504952372466201,47.177652023439755],[14.504952372466201,47.12765202343977],[14.540952372466203,47.12765202343977],[14.540952372466203,47.067652023439784],[14.564952372466204,47.067652023439784],[14.564952372466204,47.03765202343979],[14.576952372466204,47.03765202343979],[14.576952372466204,47.017652023439794],[14.588952372466204,47.017652023439794],[14.588952372466204,47.007652023439796],[14.600952372466205,47.007652023439796],[14.600952372466205,46.9976520234398],[14.624952372466206,46.9976520234398],[14.624952372466206,46.9776520234398],[14.636952372466206,46.9776520234398],[14.636952372466206,46.967652023439804],[14.648952372466207,46.967652023439804],[14.648952372466207,46.957652023439806],[14.660952372466207,46.957652023439806],[14.660952372466207,46.967652023439804],[14.672952372466208,46.967652023439804],[14.672952372466208,46.957652023439806],[14.696952372466209,46.957652023439806],[14.696952372466209,46.94765202343981],[14.73295237246621,46.94765202343981],[14.73295237246621,46.93765202343981],[14.768952372466211,46.93765202343981],[14.768952372466211,46.927652023439805],[14.75695237246621,46.927652023439805],[14.75695237246621,46.917652023439814],[14.792952372466212,46.917652023439814],[14.792952372466212,46.907652023439816],[14.816952372466213,46.907652023439816],[14.816952372466213,46.917652023439814],[14.828952372466214,46.917652023439814],[14.828952372466214,46.907652023439816],[14.840952372466214,46.907652023439816],[14.840952372466214,46.89765202343982],[14.852952372466214,46.89765202343982],[14.852952372466214,46.907652023439816],[14.864952372466215,46.907652023439816],[14.864952372466215,46.92765202343981],[14.876952372466215,46.92765202343981],[14.876952372466215,46.917652023439814],[14.900952372466216,46.917652023439814],[14.900952372466216,46.907652023439816],[14.912952372466217,46.907652023439816],[14.912952372466217,46.89765202343982],[14.924952372466217,46.89765202343982],[14.924952372466217,46.907652023439816],[14.960952372466219,46.907652023439816],[14.960952372466219,46.89765202343982],[15.00895237246622,46.89765202343982],[15.00895237246622,46.88765202343982],[15.02095237246622,46.88765202343982],[15.02095237246622,46.86765202343982],[15.00895237246622,46.86765202343982],[15.00895237246622,46.85765202343982],[14.98495237246622,46.85765202343982],[14.98495237246622,46.84765202343982],[14.972952372466219,46.84765202343982],[14.972952372466219,46.817652023439834],[14.98495237246622,46.817652023439834],[14.98495237246622,46.79765202343984],[14.99695237246622,46.79765202343984],[14.99695237246622,46.78765202343984],[15.00895237246622,46.78765202343984],[15.00895237246622,46.77765202343984],[15.02095237246622,46.77765202343984],[15.02095237246622,46.76765202343984],[15.00895237246622,46.76765202343984],[15.00895237246622,46.717652023439854],[15.02095237246622,46.717652023439854],[15.02095237246622,46.69765202343986],[15.032952372466221,46.69765202343986],[15.032952372466221,46.68765202343986],[15.044952372466222,46.68765202343986],[15.044952372466222,46.667652023439864],[15.104952372466224,46.667652023439864],[15.104952372466224,46.65827089117291],[15.092952372466224,46.65765202343986],[15.092952372466224,46.652891629850345],[15.085606835473724,46.64765202343986],[15.066063857238882,46.65268712302147],[15.02095237246622,46.64765202343986],[15.02095237246622,46.64236788792491],[15.00895237246622,46.63765202343986],[15.00212320620891,46.627652023439865],[14.99695237246622,46.627652023439865],[14.99589718206488,46.614232800487976],[14.987106394749986,46.60765202343987],[14.976468500576512,46.60765202343987],[14.972952372466219,46.627652023439865],[14.9565744714057,46.633092311997835],[14.940828622773672,46.61994178296859],[14.930638433828587,46.61765202343987],[14.92377476309007,46.62123894284412],[14.922785822055683,46.60765202343987],[14.904793568001185,46.60765202343987],[14.901813905226986,46.61238589229516],[14.88750846683318,46.61310568542046],[14.864952372466215,46.60765202343987],[14.864952372466215,46.59765202343987],[14.852952372466214,46.59765202343987],[14.852922165900207,46.58099917666211],[14.840952372466214,46.577652023439875],[14.840952372466214,46.56625566782858],[14.83538980997295,46.563579529830875],[14.83889148681217,46.55843937193431],[14.8331296866253,46.54883363175454],[14.82392465232721,46.54627069349238],[14.828952372466214,46.53808878043594],[14.823817034422362,46.535946537439],[14.824520915720626,46.527652023439884],[14.816952372466213,46.527652023439884],[14.816952372466213,46.50938068605518],[14.792952372466212,46.50765202343989],[14.792952372466212,46.50244151566568],[14.786351158861978,46.499838807417355],[14.780952372466212,46.50102960218094],[14.780952372466212,46.50765202343989],[14.75695237246621,46.50765202343989],[14.75695237246621,46.5025471207603],[14.749205294680001,46.49795694039605],[14.74495237246621,46.50765202343989],[14.73295237246621,46.50765202343989],[14.73295237246621,46.49765202343989],[14.715625721095593,46.500306082411136],[14.708952372466209,46.49765202343989],[14.708952372466209,46.48113956452212],[14.696952372466209,46.477652023439894],[14.696952372466209,46.467652023439896],[14.672952372466208,46.467652023439896],[14.672952372466208,46.4507941597784],[14.636952372466206,46.4476520234399],[14.636952372466206,46.44157954665379],[14.632303771881451,46.43983329911058],[14.588952372466204,46.4376520234399],[14.583376430275383,46.418487231053334],[14.588952372466204,46.41488357324225],[14.586972129353297,46.392601220014306],[14.576952372466204,46.38765202343991],[14.576952372466204,46.377652023439914],[14.557686111722994,46.377652023439914],[14.552952372466203,46.39765202343991],[14.54297136569747,46.40397529268932],[14.540952372466203,46.417652023439906],[14.528952372466202,46.4186109232549],[14.528952372466202,46.427652023439904],[14.504952372466201,46.427652023439904],[14.5034441625285,46.42065189800956],[14.496964833690233,46.417652023439906],[14.447581202004379,46.421949528432094],[14.444952372466199,46.427652023439904],[14.432952372466199,46.43449638031794],[14.432952372466199,46.43765202343991],[14.444952372466199,46.43765202343991],[14.444952372466199,46.4476520234399],[14.396952372466197,46.4476520234399],[14.396952372466197,46.44422598751674],[14.38293193126544,46.439485977581604],[14.336952372466195,46.4376520234399],[14.336952372466195,46.434084194412456],[14.326972874824056,46.43136708608667],[14.312952372466194,46.43107289895363],[14.312952372466194,46.4376520234399],[14.288952372466193,46.442463830856745],[14.288952372466193,46.4476520234399],[14.276952372466193,46.4476520234399],[14.276952372466193,46.44275671266679],[14.25421833919034,46.4376520234399],[14.22679489886556,46.4376520234399],[14.22010857878516,46.44359961877575],[14.208452083412435,46.43967801532654],[14.191883617995545,46.44429458327341],[14.1803990668265,46.4376520234399],[14.156952372466188,46.4376520234399],[14.156952372466188,46.4476520234399],[14.141132772336567,46.4476520234399],[14.135791320983456,46.45135179111554],[14.132952372466187,46.467652023439896],[14.121150728590065,46.47454467678149],[14.122303136360452,46.476979249809894],[14.102635632221682,46.479312015472836],[14.096952372466186,46.48765202343989],[14.071018576997663,46.48765202343989],[14.048952372466184,46.4933093137792],[14.048952372466184,46.49765202343989],[14.036952372466184,46.49765202343989],[14.032236344655502,46.48765202343989],[14.024952372466183,46.48765202343989],[14.021688724561564,46.48201582203952],[14.007255941048566,46.48173649472247],[14.000952372466182,46.48765202343989],[13.99028866435523,46.48870892771098],[13.988952372466182,46.49765202343989],[13.969574010578821,46.49765202343989],[13.96495237246618,46.500190146133036],[13.96495237246618,46.50765202343989],[13.951365126803717,46.50765202343989],[13.94095237246618,46.512287017263475],[13.94095237246618,46.51765202343989],[13.882722736358737,46.52315903661336],[13.867918937032496,46.51765202343989],[13.820952372466175,46.51765202343989],[13.820952372466175,46.5108264510085],[13.814322982550268,46.50765202343989],[13.793334906642805,46.50765202343989],[13.784952372466174,46.511054499308536],[13.784952372466174,46.51765202343989],[13.737760425871704,46.51765202343989],[13.724952372466172,46.523648943501776],[13.724952372466172,46.527652023439884],[13.712952372466171,46.527652023439884],[13.709257781552619,46.521367321784304],[13.67695237246617,46.52290251475086],[13.67695237246617,46.527652023439884],[13.652952372466169,46.53163244357628],[13.652952372466169,46.53765202343988],[13.635698260339005,46.53765202343988],[13.616952372466168,46.54334091852616],[13.616952372466168,46.54765202343988],[13.580952372466166,46.54765202343988],[13.580952372466166,46.539368260365286],[13.571622635722997,46.53924510783037],[13.568952372466166,46.54765202343988],[13.556952372466165,46.551851157473635],[13.556952372466165,46.55765202343988],[13.544952372466165,46.55765202343988],[13.544952372466165,46.55375361567615],[13.519578055868019,46.54765202343988],[13.508952372466164,46.55608509982364],[13.508952372466164,46.56765202343988],[13.484952372466163,46.56765202343988],[13.484952372466163,46.56237310257548],[13.475417313494814,46.55774790302086],[13.427270567253428,46.55800422840506],[13.41295237246616,46.560924825262404],[13.410541986014964,46.572463174891176],[13.40095237246616,46.57265617003977],[13.40095237246616,46.577652023439875],[13.372920325907335,46.57968218976924],[13.364952372466158,46.577652023439875],[13.364952372466158,46.56991259562135],[13.351502305867598,46.56765202343988],[13.345398563504135,46.570405822880815],[13.327449802345509,46.55765202343988],[13.2982202999237,46.56069823087337],[13.285353669137537,46.55765202343988],[13.270137252674399,46.56166592289898],[13.261705258267416,46.55771339966333],[13.253234185304773,46.560854525248516],[13.240449833637403,46.55210646954744],[13.233218061422589,46.554033617435486],[13.232952372466153,46.56765202343988],[13.196952372466152,46.572028434123126],[13.196952372466152,46.577652023439875],[13.179786403676848,46.57821334908282],[13.169256993817662,46.589316114119335],[13.146690087278143,46.58765202343987],[13.126432651921249,46.59134527970752],[13.124952372466149,46.59765202343987],[13.097607686550399,46.59765202343987],[13.084190834513475,46.60245995747011],[13.061401433527527,46.59765202343987],[13.028243609029506,46.59765202343987],[13.022131987820632,46.60264680183886],[13.004952372466144,46.600856491798694],[13.004952372466144,46.60765202343987],[12.992952372466144,46.60765202343987],[12.992952372466144,46.60116708405293],[12.987812420612034,46.59986626163571],[12.968952372466143,46.60487681878264],[12.968952372466143,46.60765202343987],[12.937706592823805,46.60765202343987],[12.928498222920561,46.61098425107233],[12.841006851185096,46.60765202343987],[12.836952372466138,46.60926026711873],[12.837895143028948,46.62768441915177],[12.831879173769856,46.63173212877075],[12.819594221099747,46.628610895429325],[12.812952372466137,46.63168127662039],[12.812952372466137,46.63765202343986],[12.800952372466137,46.63765202343986],[12.800952372466137,46.64765202343986],[12.752952372466135,46.64765202343986],[12.745701192488207,46.63824066295098],[12.72874141288859,46.63765202343986],[12.71652002883675,46.64964223479079],[12.70004192631932,46.651933511345405],[12.692952372466133,46.65765202343986],[12.633316762323082,46.65765202343986],[12.631625939387918,46.66183102435867],[12.619799561892494,46.66231138086115],[12.608845405752897,46.65765202343986],[12.572952372466128,46.65765202343986],[12.57064834188698,46.651898393842444],[12.561835988748651,46.652953703419115],[12.560952372466128,46.65765202343986],[12.548952372466127,46.65951327903434],[12.548952372466127,46.66765202343986],[12.52923740668868,46.6705294491027],[12.524952372466126,46.677652023439855],[12.502409704583226,46.68104783981298],[12.480465736253572,46.67770198229044],[12.476952372466124,46.68765202343985],[12.443174340399619,46.68889753236491],[12.440952372466123,46.69765202343985],[12.416952372466122,46.70092084188002],[12.416952372466122,46.70765202343985],[12.402571254934914,46.70765202343985],[12.392952372466121,46.713405632245134],[12.392952372466121,46.71765202343985],[12.383686890707297,46.71765202343985],[12.38095237246612,46.73765202343984],[12.369715593767015,46.740848609215796],[12.36895237246612,46.75765202343984],[12.364606936977378,46.75765202343984],[12.35695237246612,46.777652023439835]],[[13.592952372466167,47.05765202343978],[13.592952372466167,47.02765202343979],[13.604952372466167,47.02765202343979],[13.604952372466167,47.05765202343978],[13.592952372466167,47.05765202343978]],[[14.816952372466213,46.88765202343982],[14.828952372466214,46.88765202343982],[14.828952372466214,46.89765202343981],[14.816952372466213,46.89765202343981],[14.816952372466213,46.88765202343982]],[[14.828952372466214,46.88765202343981],[14.828952372466214,46.857652023439826],[14.840952372466214,46.857652023439826],[14.840952372466214,46.88765202343981],[14.828952372466214,46.88765202343981]]],[[[13.496952372466163,47.127652023439765],[13.484952372466163,47.127652023439765],[13.484952372466163,47.157652023439766],[13.508952372466164,47.157652023439766],[13.508952372466164,47.13765202343976],[13.496952372466163,47.13765202343976],[13.496952372466163,47.127652023439765]]],[[[13.556952372466165,47.117652023439774],[13.568952372466166,47.117652023439774],[13.568952372466166,47.10765202343977],[13.556952372466165,47.10765202343977],[13.556952372466165,47.117652023439774]]],[[[13.592952372466167,47.117652023439774],[13.592952372466167,47.10765202343977],[13.580952372466166,47.10765202343977],[13.580952372466166,47.117652023439774],[13.592952372466167,47.117652023439774]]]]}},{"type":"Feature","properties":{"id":"Innsbruck Thaur","name":"Tesla Service Innsbruck","color":"#1a5276"},"geometry":{"type":"MultiPolygon","coordinates":[[[[10.105716073586256,46.84139674624302],[10.092230589382154,46.851969616298156],[10.092930935075922,46.858593612408065],[10.087704724691244,46.86173845388569],[10.052952372466033,46.86392691231542],[10.052952372466033,46.877652023439815],[10.04270877718612,46.88098814661131],[10.040952372466032,46.88765202343981],[10.03244549451494,46.88854511422819],[10.028952372466032,46.89765202343981],[10.018087687902025,46.902166348006375],[10.006176277797612,46.899351441511605],[9.99295237246603,46.90282866147],[9.99295237246603,46.90765202343981],[9.982596151467757,46.90765202343981],[9.98095237246603,46.91358110084884],[9.98095237246603,46.93765202343981],[10.00495237246603,46.93765202343981],[10.00495237246603,46.94765202343981],[10.088952372466034,46.94765202343981],[10.088952372466034,46.93765202343981],[10.100952372466034,46.93765202343981],[10.100952372466034,46.9676520234398],[10.088952372466034,46.9676520234398],[10.088952372466034,46.99765202343979],[10.076952372466033,46.99765202343979],[10.076952372466033,47.007652023439796],[10.088952372466034,47.007652023439796],[10.088952372466034,47.02765202343979],[10.100952372466034,47.02765202343979],[10.100952372466034,47.04765202343979],[10.124952372466035,47.04765202343979],[10.124952372466035,47.057652023439786],[10.136952372466036,47.057652023439786],[10.136952372466036,47.04765202343979],[10.23295237246604,47.04765202343979],[10.23295237246604,47.057652023439786],[10.25695237246604,47.057652023439786],[10.25695237246604,47.067652023439784],[10.280952372466041,47.067652023439784],[10.280952372466041,47.07765202343978],[10.292952372466042,47.07765202343978],[10.292952372466042,47.08765202343978],[10.316952372466043,47.08765202343978],[10.316952372466043,47.09765202343978],[10.340952372466043,47.09765202343978],[10.340952372466043,47.107652023439776],[10.376952372466045,47.107652023439776],[10.376952372466045,47.11765202343977],[10.364952372466044,47.11765202343977],[10.364952372466044,47.127652023439765],[10.352952372466044,47.127652023439765],[10.352952372466044,47.13765202343976],[10.340952372466043,47.13765202343976],[10.340952372466043,47.14765202343976],[10.328952372466043,47.14765202343976],[10.328952372466043,47.16765202343976],[10.316952372466043,47.16765202343976],[10.316952372466043,47.17765202343976],[10.328952372466043,47.17765202343976],[10.328952372466043,47.18765202343976],[10.364952372466044,47.18765202343976],[10.364952372466044,47.19765202343976],[10.424952372466047,47.19765202343976],[10.424952372466047,47.18765202343976],[10.49695237246605,47.18765202343976],[10.49695237246605,47.19765202343976],[10.52095237246605,47.19765202343976],[10.52095237246605,47.207652023439756],[10.53295237246605,47.207652023439756],[10.53295237246605,47.21765202343975],[10.52095237246605,47.21765202343975],[10.52095237246605,47.23765202343974],[10.50895237246605,47.23765202343974],[10.50895237246605,47.24765202343974],[10.49695237246605,47.24765202343974],[10.49695237246605,47.25765202343974],[10.460952372466048,47.25765202343974],[10.460952372466048,47.277652023439735],[10.436952372466047,47.277652023439735],[10.436952372466047,47.29765202343973],[10.424952372466047,47.29765202343973],[10.424952372466047,47.30765202343973],[10.412952372466046,47.30765202343973],[10.412952372466046,47.31765202343973],[10.400952372466046,47.31765202343973],[10.400952372466046,47.327652023439725],[10.352952372466044,47.327652023439725],[10.357204124503092,47.33761060232247],[10.364952372466044,47.33765202343973],[10.364952372466044,47.34219751822373],[10.376952372466045,47.34765202343973],[10.377844829242495,47.35310103491236],[10.388952372466045,47.35765202343973],[10.389084360552527,47.370225366735816],[10.395101029896633,47.37621298206755],[10.412952372466046,47.37765202343972],[10.42013607400063,47.38524252781579],[10.437102977941802,47.38095220117576],[10.429556703183069,47.39173879903672],[10.431445926425013,47.39765202343972],[10.436952372466047,47.39765202343972],[10.436952372466047,47.41208055423366],[10.460952372466048,47.417652023439715],[10.460952372466048,47.42765202343971],[10.472952372466048,47.42765202343971],[10.476327859887181,47.43337166530664],[10.472952372466048,47.4576520234397],[10.467881833857001,47.4576520234397],[10.465809695255256,47.464469578237036],[10.472952372466048,47.467652023439705],[10.472952372466048,47.477652023439695],[10.460952372466048,47.48326578560711],[10.460952372466048,47.48765202343969],[10.441463088387673,47.48765202343969],[10.436952372466047,47.495337206608646],[10.436952372466047,47.509958370591825],[10.442500430322852,47.519394051345095],[10.439073727599759,47.5241291779515],[10.44078873408155,47.52765202343969],[10.448952372466048,47.52765202343969],[10.448952372466048,47.54442119425939],[10.454786786565226,47.55640583665215],[10.460952372466048,47.55321748499409],[10.460952372466048,47.54765202343969],[10.47898734586792,47.54765202343969],[10.484952372466049,47.54379786698469],[10.484952372466049,47.53765202343969],[10.560348522972001,47.53765202343969],[10.571470506859859,47.534073569356764],[10.580952372466053,47.53765202343969],[10.580952372466053,47.55637399249996],[10.592952372466053,47.55765202343969],[10.597188169901814,47.567652023439685],[10.619437743941711,47.567475449266176],[10.628952372466054,47.55765202343969],[10.688952372466057,47.55765202343969],[10.688952372466057,47.54765202343969],[10.709364445707795,47.54431597663107],[10.712952372466058,47.53765202343969],[10.751694857200768,47.53765202343969],[10.76095237246606,47.53276399582228],[10.76095237246606,47.517652023439695],[10.777903987800821,47.5145148082436],[10.783194809219411,47.517652023439695],[10.808952372466061,47.517652023439695],[10.813544321075039,47.52702382799526],[10.856952372466063,47.52765202343969],[10.856952372466063,47.53502727063663],[10.890790241348547,47.53765202343969],[10.892952372466064,47.52765202343969],[10.904952372466065,47.517652023439695],[10.916952372466065,47.517652023439695],[10.916952372466065,47.51381792186866],[10.880952372466064,47.50765202343969],[10.880952372466064,47.50424218448378],[10.868952372466063,47.49765202343969],[10.868952372466063,47.4776520234397],[10.892952372466064,47.4776520234397],[10.892952372466064,47.48225425638004],[10.910349884195895,47.48614188419153],[10.93760192356826,47.48173020066755],[10.928952372466066,47.477652023439695],[10.928952372466066,47.467652023439705],[10.940952372466066,47.463636696190285],[10.940952372466066,47.45765202343971],[10.952952372466067,47.455805517104906],[10.952952372466067,47.44765202343971],[10.963875737389966,47.44765202343971],[10.964952372466067,47.43765202343971],[10.975691282524437,47.43765202343971],[10.976952372466068,47.42765202343971],[10.984368543246422,47.42765202343971],[10.985070308584959,47.42160384501667],[10.980879483341466,47.41892172905025],[10.964952372466067,47.41765202343971],[10.964952372466067,47.40765202343972],[10.971090420611942,47.40765202343972],[10.972284065450895,47.40012764799757],[10.976952372466068,47.39765202343972],[11.005378844278777,47.3947158006042],[11.023645186417092,47.39765202343972],[11.028887661156775,47.39395194008641],[11.038618300368238,47.39716108360971],[11.049002563654708,47.394484094718834],[11.1152713135417,47.39603467861966],[11.124236066823324,47.40021267670318],[11.123674783400098,47.40765202343972],[11.132952372466073,47.40765202343972],[11.132952372466073,47.41344578129836],[11.168952372466075,47.417652023439715],[11.168952372466075,47.42299026194571],[11.180452619855561,47.42695454558934],[11.204952372466076,47.42765202343971],[11.20742838748038,47.434511829090575],[11.216952372466077,47.432228230474756],[11.216952372466077,47.42765202343971],[11.240952372466078,47.42765202343971],[11.240952372466078,47.43279919684915],[11.24941255919961,47.433145947481876],[11.252952372466078,47.42820481016905],[11.240952372466078,47.427652023439705],[11.24039711308136,47.41765202343971],[11.228952372466077,47.41765202343971],[11.228952372466077,47.40487152975645],[11.222750281217381,47.39791652887223],[11.225397869950765,47.395819943173585],[11.28895237246608,47.39765202343972],[11.29369760682975,47.419670342063824],[11.29145859643099,47.427629591680166],[11.31295237246608,47.42765202343971],[11.321274494084564,47.43765202343971],[11.336952372466081,47.43765202343971],[11.336952372466081,47.44765202343971],[11.421653169103264,47.445158874356935],[11.420952372466084,47.4576520234397],[11.412293496047832,47.4576520234397],[11.409902255736558,47.46730204246112],[11.391086114149337,47.4676520234397],[11.384952372466083,47.47387026301143],[11.387648710747092,47.4776520234397],[11.396952372466084,47.4776520234397],[11.399733124972874,47.4873208083091],[11.408952372466084,47.4876520234397],[11.413056498020426,47.4976520234397],[11.420952372466084,47.4976520234397],[11.422333092384829,47.50688649874967],[11.432952372466085,47.5076520234397],[11.432952372466085,47.513996537802974],[11.440700341939369,47.517652023439695],[11.444952372466085,47.5076520234397],[11.506146849293277,47.505299457583426],[11.55295237246609,47.5076520234397],[11.55295237246609,47.51326711366996],[11.572906336625303,47.51507816583364],[11.58860387759661,47.52602282428525],[11.58895237246609,47.55760797608512],[11.600952372466091,47.567652023439685],[11.604664282436492,47.57765202343968],[11.612952372466092,47.57765202343968],[11.620115975511192,47.58496815509263],[11.624952372466092,47.58430080588079],[11.624952372466092,47.57765202343968],[11.636952372466093,47.57765202343968],[11.636952372466093,47.58765202343968],[11.660816916127038,47.58438203861949],[11.795203410412066,47.58765202343968],[11.827980803934954,47.58608113678459],[11.8289523724661,47.57765202343968],[11.8529523724661,47.57765202343968],[11.8534951435089,47.59765202343968],[11.864952372466101,47.59765202343968],[11.864952372466101,47.60166544133415],[11.888061001064766,47.60765202343968],[11.912952372466103,47.60765202343968],[11.91425659375253,47.61442588704484],[11.96926899581742,47.617652023439675],[11.976785127056345,47.61355054171321],[11.98004271414854,47.617652023439675],[11.996952372466106,47.617652023439675],[11.996952372466106,47.62163997968298],[12.008952372466107,47.62569539330356],[12.008952372466107,47.617652023439675],[12.017060864845464,47.617652023439675],[12.020952372466107,47.60765202343968],[12.032952372466108,47.60765202343968],[12.032952372466108,47.61581045538707],[12.03676687018278,47.617652023439675],[12.067423946580156,47.617652023439675],[12.078745264757762,47.6140834886608],[12.08095237246611,47.60765202343968],[12.140378582096233,47.60590264266453],[12.164952372466113,47.60765202343968],[12.164952372466113,47.61405468045764],[12.176952372466113,47.61479602308093],[12.176952372466113,47.60765202343968],[12.180883773708237,47.60765202343968],[12.178726359938487,47.60145519370859],[12.212952372466114,47.60765202343968],[12.212952372466114,47.61765202343967],[12.207108738711982,47.61765202343967],[12.204291696487664,47.62353991615103],[12.200952372466114,47.64765202343966],[12.195022178934098,47.64765202343966],[12.188952372466114,47.65577435787457],[12.188952372466114,47.66765202343966],[12.183115043837873,47.66765202343966],[12.176952372466113,47.677652023439656],[12.169131291926831,47.680868665971595],[12.164952372466113,47.69765202343966],[12.188952372466114,47.69765202343966],[12.188952372466114,47.705159919677584],[12.194121498847387,47.70765202343966],[12.212952372466114,47.70765202343966],[12.212952372466114,47.711959665779915],[12.225069487741411,47.717652023439655],[12.236952372466115,47.717652023439655],[12.236952372466115,47.72851985136268],[12.250306921801764,47.74213561350229],[12.257632158051102,47.74361720106209],[12.260952372466116,47.74031102912264],[12.260952372466116,47.72666227490211],[12.254466768355346,47.71765202343965],[12.248952372466116,47.71765202343965],[12.241858753535881,47.694953944008525],[12.248952372466116,47.686965463104215],[12.248952372466116,47.67765202343966],[12.272952372466117,47.67765202343966],[12.272952372466117,47.68500192427206],[12.276905832745955,47.68765202343966],[12.308952372466118,47.68765202343966],[12.308952372466118,47.693125785935464],[12.332952372466119,47.69672048202096],[12.332952372466119,47.68765202343966],[12.360996151369697,47.68765202343966],[12.364232391769239,47.68441407020365],[12.404952372466122,47.68765202343966],[12.404952372466122,47.69328185586774],[12.440696931299986,47.69578880849117],[12.440952372466123,47.667652023439665],[12.452952372466124,47.667652023439665],[12.452952372466124,47.65765202343967],[12.45965790401437,47.65765202343967],[12.464952372466124,47.64765202343967],[12.476952372466124,47.644809782838706],[12.476952372466124,47.63765202343967],[12.488952372466125,47.63765202343967],[12.488952372466125,47.62765202343967],[12.499803946865978,47.62565664250681],[12.524952372466126,47.62765202343967],[12.524952372466126,47.6314476521982],[12.537000310976048,47.637028134251096],[12.575671173232061,47.63287248321068],[12.584952372466129,47.63765202343967],[12.584952372466129,47.649792527505646],[12.590820412642458,47.65765202343967],[12.596952372466129,47.65765202343967],[12.597552234293232,47.6666684451585],[12.60895237246613,47.667652023439665],[12.60895237246613,47.67415839336427],[12.63074508094801,47.676776437099264],[12.63295237246613,47.667652023439665],[12.656952372466131,47.667652023439665],[12.659736282012313,47.67765202343966],[12.738042457508131,47.67765202343966],[12.74675439246386,47.67553609719997],[12.75787907030558,47.66359162620141],[12.763980800035817,47.66759784064446],[12.776952372466136,47.667652023439665],[12.781842869204423,47.674367497110836],[12.784742526961738,47.67211983680054],[12.776952372466136,47.66765202343966],[12.776952372466136,47.66036141070275],[12.764952372466135,47.65765202343966],[12.75924061068016,47.652112683851904],[12.764952372466135,47.647278297191754],[12.764952372466135,47.63765202343967],[12.788952372466136,47.63368617776113],[12.788952372466136,47.62765202343967],[12.800428489545265,47.62765202343967],[12.824952372466138,47.6127941581904],[12.800952372466137,47.60765202343967],[12.792595184781868,47.59765202343967],[12.776952372466136,47.59765202343967],[12.776952372466136,47.587652023439674],[12.740952372466134,47.587652023439674],[12.740952372466134,47.60765202343967],[12.716952372466134,47.60765202343967],[12.716952372466134,47.59765202343967],[12.704952372466133,47.59765202343967],[12.704952372466133,47.60765202343967],[12.692952372466133,47.60765202343967],[12.692952372466133,47.61765202343967],[12.680952372466132,47.61765202343967],[12.680952372466132,47.627652023439666],[12.60895237246613,47.627652023439666],[12.60895237246613,47.60765202343968],[12.62095237246613,47.60765202343968],[12.62095237246613,47.59765202343968],[12.656952372466131,47.59765202343968],[12.656952372466131,47.58765202343968],[12.680952372466132,47.58765202343968],[12.680952372466132,47.54765202343968],[12.668952372466132,47.54765202343968],[12.668952372466132,47.53765202343968],[12.656952372466131,47.53765202343968],[12.656952372466131,47.517652023439695],[12.668952372466132,47.517652023439695],[12.668952372466132,47.5076520234397],[12.680952372466132,47.5076520234397],[12.680952372466132,47.4976520234397],[12.692952372466133,47.4976520234397],[12.692952372466133,47.4876520234397],[12.704952372466133,47.4876520234397],[12.704952372466133,47.477652023439695],[12.680952372466132,47.477652023439695],[12.680952372466132,47.4676520234397],[12.62095237246613,47.4676520234397],[12.62095237246613,47.44765202343971],[12.63295237246613,47.44765202343971],[12.63295237246613,47.4376520234397],[12.62095237246613,47.4376520234397],[12.62095237246613,47.427652023439705],[12.596952372466129,47.427652023439705],[12.596952372466129,47.41765202343971],[12.512952372466126,47.41765202343971],[12.512952372466126,47.39765202343971],[12.500952372466125,47.39765202343971],[12.500952372466125,47.38765202343971],[12.488952372466125,47.38765202343971],[12.488952372466125,47.377652023439715],[12.476952372466124,47.377652023439715],[12.476952372466124,47.35765202343972],[12.464952372466124,47.35765202343972],[12.464952372466124,47.34765202343972],[12.452952372466124,47.34765202343972],[12.452952372466124,47.33765202343973],[12.464952372466124,47.33765202343973],[12.464952372466124,47.317652023439734],[12.476952372466124,47.317652023439734],[12.476952372466124,47.29765202343973],[12.464952372466124,47.29765202343973],[12.464952372466124,47.28765202343973],[12.428952372466123,47.28765202343973],[12.428952372466123,47.277652023439735],[12.404952372466122,47.277652023439735],[12.404952372466122,47.26765202343974],[12.392952372466121,47.26765202343974],[12.392952372466121,47.24765202343974],[12.38095237246612,47.24765202343974],[12.38095237246612,47.18765202343975],[12.36895237246612,47.18765202343975],[12.36895237246612,47.16765202343976],[12.35695237246612,47.16765202343976],[12.35695237246612,47.15765202343976],[12.34495237246612,47.15765202343976],[12.34495237246612,47.13765202343976],[12.332952372466119,47.13765202343976],[12.332952372466119,47.127652023439765],[12.284952372466117,47.127652023439765],[12.284952372466117,47.11765202343977],[12.236952372466115,47.11765202343977],[12.236952372466115,47.10765202343977],[12.212952372466114,47.10765202343977],[12.212952372466114,47.08765202343977],[12.186515986902688,47.09265121187301],[12.164952372466113,47.08765202343977],[12.164952372466113,47.0843113126611],[12.152095618761706,47.07978338002685],[12.09295237246611,47.077652023439775],[12.082233889744847,47.06945977917065],[12.077200578787528,47.05938961554983],[12.04461053118253,47.0619423276007],[12.032952372466108,47.05765202343978],[12.03156351278131,47.05113490282538],[12.021787044703473,47.047767606192274],[11.979898105973053,47.050548147891085],[11.968988644953415,47.04103557264466],[11.956215959269224,47.0434813192866],[11.951002273508033,47.03765202343978],[11.912952372466103,47.03765202343978],[11.912952372466103,47.02833675591827],[11.900952372466103,47.027652023439785],[11.900952372466103,47.02320076278884],[11.893697298037727,47.01765202343979],[11.876952372466102,47.01765202343979],[11.874483039972521,47.01056778909177],[11.8529523724661,47.00765202343979],[11.852866294826475,47.00061733265744],[11.8289523724661,46.99765202343979],[11.8289523724661,46.99366432502314],[11.81581668142212,46.9904166247568],[11.78227302748527,46.992965922916284],[11.777805288311352,46.98765202343979],[11.768952372466098,46.98765202343979],[11.768226149950868,46.977652023439795],[11.756952372466097,46.977652023439795],[11.756952372466097,46.97276073718474],[11.747511492218917,46.969373752392684],[11.732952372466096,46.97200856111446],[11.732952372466096,46.977652023439795],[11.725962402682649,46.977652023439795],[11.720952372466096,46.98765202343979],[11.708952372466095,46.99356628542183],[11.708952372466095,46.99765202343979],[11.672952372466094,46.99765202343979],[11.672952372466094,46.99382587723853],[11.665155646625143,46.992252580120415],[11.660952372466094,46.99765202343979],[11.636952372466093,47.00312606492767],[11.636952372466093,47.00765202343979],[11.632342691748645,47.00765202343979],[11.627675188714623,47.01381147443583],[11.602919919683274,47.00765202343979],[11.57695237246609,47.00765202343979],[11.57695237246609,46.99765202343979],[11.56495237246609,46.99765202343979],[11.56193396695582,46.9910186754961],[11.546152623260484,46.98765202343979],[11.534010078732544,46.98765202343979],[11.528952372466089,46.99765202343979],[11.516952372466088,47.00026845949199],[11.516952372466088,47.00765202343979],[11.479222278133452,47.01149476237097],[11.468952372466086,47.00765202343979],[11.468952372466086,46.99765202343979],[11.456952372466086,46.99765202343979],[11.456952372466086,46.99238081201068],[11.444952372466085,46.98765202343979],[11.442156101786974,46.977652023439795],[11.432952372466085,46.977652023439795],[11.432952372466085,46.973578094242725],[11.41851729492009,46.9676520234398],[11.384952372466083,46.97085551100563],[11.384952372466083,46.977652023439795],[11.372952372466083,46.98132495313945],[11.372952372466083,46.98765202343979],[11.346160951432704,46.991199312930114],[11.33540812255532,46.98765202343979],[11.320764010924123,46.99289499253956],[11.31287158281942,46.98765202343979],[11.276952372466079,46.98765202343979],[11.276952372466079,46.981053158035145],[11.240952372466078,46.977652023439795],[11.240952372466078,46.97015905337181],[11.204113654884823,46.9676520234398],[11.190329584690025,46.971054366663495],[11.168952372466075,46.9676520234398],[11.164841592837252,46.9663339140825],[11.166278854957952,46.95580030984296],[11.163110474797778,46.950445512175754],[11.168525092035665,46.9455589437126],[11.164537115392235,46.940451398169664],[11.144952372466074,46.9376520234398],[11.144952372466074,46.93033247786494],[11.139204812537361,46.92801818578735],[11.1153229002269,46.93190375012078],[11.108952372466073,46.927652023439805],[11.108952372466073,46.91765202343981],[11.096952372466072,46.91765202343981],[11.096952372466072,46.88416055594823],[11.084952372466072,46.877652023439815],[11.07887468728703,46.860119285851475],[11.073338598059362,46.85860345740905],[11.071815505197716,46.85377096650187],[11.070700089694107,46.83887749063811],[11.078057349699582,46.834759987280805],[11.083705706328121,46.82278677169475],[11.06095237246607,46.81765202343983],[11.057391475596384,46.80862876682133],[11.039642880160978,46.80553423936875],[11.044573908938023,46.80140622707147],[11.03695237246607,46.79765202343983],[11.033800206742068,46.78510572758521],[11.02888072184142,46.777652023439835],[11.02495237246607,46.777652023439835],[11.02495237246607,46.76765202343984],[11.014220134078471,46.77262708940673],[10.99433674816355,46.76765202343984],[10.978220015411875,46.769550089420534],[10.976952372466068,46.777652023439835],[10.916952372466065,46.777652023439835],[10.906203516699343,46.76860096063705],[10.868952372466063,46.76765202343984],[10.868952372466063,46.777652023439835],[10.848317877715418,46.777652023439835],[10.841002760192614,46.78230222076343],[10.83053181256576,46.777652023439835],[10.812178365122557,46.777652023439835],[10.808952372466061,46.78765202343983],[10.79695237246606,46.7912205879843],[10.79695237246606,46.79765202343983],[10.78495237246606,46.79765202343983],[10.77864755143793,46.79132587754718],[10.761866204087404,46.78765202343983],[10.730428911479649,46.78895390580391],[10.726729971482145,46.79765202343984],[10.736952372466058,46.79765202343984],[10.748952372466059,46.807652023439836],[10.751663758295463,46.81559297489775],[10.763165361628465,46.82102509235062],[10.76095237246606,46.83765202343982],[10.722440065766428,46.83840584352979],[10.716180579509402,46.8436194488931],[10.717052204032765,46.84758438715956],[10.703913673054714,46.84775941931326],[10.694446827341865,46.852669270560625],[10.693701055228216,46.857652023439826],[10.700952372466057,46.857652023439826],[10.700952372466057,46.86765202343982],[10.671937574833418,46.87114919647584],[10.667704888546194,46.87601383576712],[10.654562738399163,46.86765202343982],[10.616952372466054,46.86765202343982],[10.616952372466054,46.86184872158483],[10.592952372466053,46.85765202343982],[10.590461663396498,46.85084625604986],[10.568952372466052,46.84765202343982],[10.568952372466052,46.8426625361497],[10.556952372466052,46.84112558144252],[10.556952372466052,46.84765202343982],[10.552778407487489,46.85055820256022],[10.49695237246605,46.848564776521215],[10.49695237246605,46.85765202343982],[10.472952372466048,46.85765202343982],[10.472952372466048,46.89246395825536],[10.478462723393438,46.907652023439816],[10.484952372466049,46.907652023439816],[10.488622462571897,46.9268199079656],[10.485610988096246,46.93198467188377],[10.48966604740276,46.93832616944569],[10.460952372466048,46.95022344092002],[10.460952372466048,46.9576520234398],[10.424952372466047,46.95900887189399],[10.426898190968279,46.97622853330658],[10.40249112563763,46.99140320939365],[10.400952372466046,46.99765202343979],[10.389623504100719,47.00107044321417],[10.376952372466045,46.99765202343979],[10.372359499667128,46.99121853696657],[10.34682189224821,46.99013747340864],[10.340952372466043,46.98765202343979],[10.339673875807572,46.977652023439795],[10.328952372466043,46.977652023439795],[10.328126089174344,46.95452267298554],[10.304952372466042,46.9476520234398],[10.304952372466042,46.93765202343981],[10.316952372466043,46.93192962000799],[10.31673083573844,46.927652023439805],[10.304952372466042,46.927652023439805],[10.297172907967077,46.92049561647603],[10.292952372466042,46.927652023439805],[10.240883847448707,46.931918255719296],[10.242311916954078,46.919375154415924],[10.23295237246604,46.91765202343981],[10.23295237246604,46.901701961523436],[10.226014620897834,46.8964846612857],[10.23295237246604,46.88688858336646],[10.232486329787694,46.86765202343982],[10.184952372466038,46.86765202343982],[10.182975932275948,46.85765202343982],[10.172952372466037,46.85765202343982],[10.16934869673928,46.8512005793721],[10.157695512259188,46.84840133231852],[10.147355778117529,46.85195117780892],[10.139692631293709,46.847919863803085],[10.112952372466035,46.84765202343982],[10.112952372466035,46.84314943920168],[10.105716073586256,46.84139674624302]],[[11.444952372466085,47.4876520234397],[11.444952372466085,47.50765202343969],[11.432952372466085,47.50765202343969],[11.432952372466085,47.4876520234397],[11.444952372466085,47.4876520234397]]],[[[10.448952372466048,47.56765202343968],[10.436952372466047,47.56829065174341],[10.436952372466047,47.58453731018461],[10.456173636985692,47.58326803664621],[10.469751654048107,47.58765202343968],[10.48237180220646,47.58509621849404],[10.471075699689864,47.580336646034084],[10.472952372466048,47.57047844173218],[10.460952372466048,47.56765202343968],[10.460952372466048,47.562174089951085],[10.454786786565226,47.55640583665215],[10.450581215813067,47.55596107773841],[10.448952372466048,47.56765202343968]]]]}},{"type":"Feature","properties":{"id":"Dornbirn","name":"Tesla Center Dornbirn","color":"#922b21"},"geometry":{"type":"Polygon","coordinates":[[[9.632952372466017,47.10765202343977],[9.6210409608112,47.11112476300806],[9.625159232879522,47.117652023439774],[9.632952372466017,47.117652023439774],[9.635213112813013,47.12867169573242],[9.62493386988464,47.13320860892773],[9.622832191877,47.14198424075291],[9.626066776422947,47.14647157852881],[9.621869104896263,47.151930168453696],[9.608923252906676,47.14834941399404],[9.603073428268573,47.15216624318973],[9.596952372466015,47.16765202343976],[9.564842470814142,47.17084998079002],[9.57333955225661,47.17617730774652],[9.572952372466014,47.19147945316446],[9.584952372466015,47.19765202343976],[9.584952372466015,47.20765202343975],[9.560952372466014,47.22376340242942],[9.560952372466014,47.23487266251347],[9.572952372466014,47.23765202343975],[9.572952372466014,47.24765202343974],[9.5627757113488,47.24765202343974],[9.560952372466014,47.25765202343974],[9.547616138655172,47.25765202343974],[9.539726031059988,47.26195119807988],[9.536952372466013,47.27485580300498],[9.548952372466013,47.27765202343974],[9.548952372466013,47.285185145130605],[9.560952372466014,47.30117236293139],[9.573734585818386,47.307652023439736],[9.584952372466015,47.307652023439736],[9.59226516418114,47.32765202343973],[9.596952372466015,47.32765202343973],[9.599718587127908,47.34577311041515],[9.608952372466016,47.34765202343973],[9.608952372466016,47.354696437267656],[9.620952372466016,47.35765202343973],[9.624701374296102,47.36675424893699],[9.668952372466018,47.367652023439724],[9.67433161210833,47.39076018381848],[9.668952372466018,47.39765202343971],[9.661662804217311,47.39765202343971],[9.656952372466018,47.40221624038943],[9.656952372466018,47.41765202343971],[9.650887560138042,47.41765202343971],[9.644952372466017,47.43546425372634],[9.658236107615725,47.4484076986225],[9.656952372466018,47.4576520234397],[9.622557422618877,47.45810422108703],[9.620952372466016,47.4676520234397],[9.609274548121318,47.47116513117848],[9.605653816480897,47.4676520234397],[9.593232599926957,47.4676520234397],[9.584952372466015,47.479567499001675],[9.584952372466015,47.48765202343969],[9.572952372466014,47.489388470448986],[9.572952372466014,47.49765202343969],[9.562953093544676,47.49765202343969],[9.562062543847794,47.50518790186592],[9.608952372466016,47.5076520234397],[9.608952372466016,47.513183128547624],[9.635161224815619,47.517652023439695],[9.668952372466018,47.517652023439695],[9.668952372466018,47.52341378229574],[9.693808503354393,47.52765202343969],[9.72895237246602,47.52765202343969],[9.72895237246602,47.533644436043865],[9.74095237246602,47.53765202343969],[9.74196769964732,47.55551343061357],[9.752952372466021,47.55765202343969],[9.752952372466021,47.57220440210002],[9.756482858604127,47.57765202343968],[9.764952372466022,47.57765202343968],[9.766103502769996,47.58765202343968],[9.776952372466022,47.58765202343968],[9.777257836766701,47.59607339340315],[9.802604485462178,47.5965610655576],[9.812952372466023,47.58765202343968],[9.824104172162475,47.58765202343968],[9.824952372466024,47.5737624349169],[9.821032873992706,47.57148239986188],[9.824952372466024,47.55962073677725],[9.812952372466023,47.55765202343968],[9.812952372466023,47.54765202343969],[9.828399296972451,47.547271976955024],[9.836952372466024,47.543556515463074],[9.836952372466024,47.53765202343969],[9.856193730057305,47.53765202343969],[9.874755870598566,47.52916034678169],[9.878323745448316,47.539364856811936],[9.875376116620378,47.543866718941196],[9.883616621955813,47.54765202343969],[9.906900086273351,47.54281050077206],[9.920952372466028,47.52765202343969],[9.932952372466028,47.52765202343969],[9.932952372466028,47.53304880885365],[9.939751653471156,47.53765202343969],[9.963991470088706,47.53533994469227],[9.959144505965728,47.54379262667637],[9.96895237246603,47.5468397852922],[9.96513209555951,47.538659476425785],[9.968679430386235,47.528620486906604],[9.965534356633198,47.52152083915215],[9.97838346492036,47.51415183899099],[9.98095237246603,47.5076520234397],[9.99295237246603,47.504866534113575],[9.987652171093158,47.49908004214618],[9.99295237246603,47.4876520234397],[10.00495237246603,47.48259194783682],[10.00495237246603,47.4776520234397],[10.016952372466031,47.4776520234397],[10.016952372466031,47.48540651188518],[10.046081331771775,47.4876520234397],[10.052952372466033,47.47800649838991],[10.052952372466033,47.467652023439705],[10.064952372466033,47.464253332126],[10.064952372466033,47.45765202343971],[10.088952372466034,47.45765202343971],[10.088952372466034,47.43765202343971],[10.097584877898806,47.43765202343971],[10.100952372466034,47.42601224758136],[10.094349301760372,47.41765202343971],[10.076952372466033,47.41765202343971],[10.069434555346517,47.410757751517586],[10.076952372466033,47.40574008861201],[10.076952372466033,47.39765202343972],[10.085116048771496,47.39765202343972],[10.083145685426215,47.39441911912007],[10.088952372466034,47.38107011576302],[10.088952372466034,47.35765202343972],[10.076952372466033,47.35765202343972],[10.076952372466033,47.29765202343974],[10.088952372466034,47.29765202343974],[10.088952372466034,47.28765202343974],[10.148952372466036,47.28765202343974],[10.148952372466036,47.29765202343974],[10.172952372466037,47.29765202343974],[10.172952372466037,47.267652023439744],[10.184952372466038,47.267652023439744],[10.184952372466038,47.272288409235166],[10.201536677008953,47.277484607578856],[10.222743451463337,47.276419989276334],[10.232659202193105,47.27110329030245],[10.243013097635014,47.27765202343974],[10.25695237246604,47.27765202343974],[10.25695237246604,47.28141186291878],[10.26624131525266,47.28765202343974],[10.292952372466042,47.28765202343974],[10.294238697929888,47.29765202343974],[10.304952372466042,47.29765202343974],[10.304952372466042,47.300979886088705],[10.316912927106365,47.30734752742911],[10.324740580649552,47.30444475291106],[10.340952372466043,47.307652023439736],[10.341023793991026,47.31486289913595],[10.348955874286284,47.317836781796444],[10.345709827212502,47.32045968652308],[10.35095752943202,47.32765202343973],[10.400952372466046,47.32765202343973],[10.400952372466046,47.317652023439734],[10.412952372466046,47.317652023439734],[10.412952372466046,47.307652023439736],[10.424952372466047,47.307652023439736],[10.424952372466047,47.29765202343974],[10.436952372466047,47.29765202343974],[10.436952372466047,47.27765202343974],[10.460952372466048,47.27765202343974],[10.460952372466048,47.257652023439746],[10.49695237246605,47.257652023439746],[10.49695237246605,47.24765202343975],[10.50895237246605,47.24765202343975],[10.50895237246605,47.23765202343975],[10.52095237246605,47.23765202343975],[10.52095237246605,47.217652023439754],[10.53295237246605,47.217652023439754],[10.53295237246605,47.20765202343975],[10.52095237246605,47.20765202343975],[10.52095237246605,47.19765202343975],[10.49695237246605,47.19765202343975],[10.49695237246605,47.18765202343975],[10.424952372466047,47.18765202343975],[10.424952372466047,47.19765202343975],[10.364952372466044,47.19765202343975],[10.364952372466044,47.18765202343975],[10.328952372466043,47.18765202343975],[10.328952372466043,47.177652023439755],[10.316952372466043,47.177652023439755],[10.316952372466043,47.167652023439764],[10.328952372466043,47.167652023439764],[10.328952372466043,47.14765202343977],[10.340952372466043,47.14765202343977],[10.340952372466043,47.13765202343977],[10.352952372466044,47.13765202343977],[10.352952372466044,47.12765202343977],[10.364952372466044,47.12765202343977],[10.364952372466044,47.117652023439774],[10.376952372466045,47.117652023439774],[10.376952372466045,47.10765202343977],[10.340952372466043,47.10765202343977],[10.340952372466043,47.09765202343977],[10.316952372466043,47.09765202343977],[10.316952372466043,47.08765202343977],[10.292952372466042,47.08765202343977],[10.292952372466042,47.077652023439775],[10.280952372466041,47.077652023439775],[10.280952372466041,47.06765202343978],[10.25695237246604,47.06765202343978],[10.25695237246604,47.05765202343978],[10.23295237246604,47.05765202343978],[10.23295237246604,47.04765202343978],[10.136952372466036,47.04765202343978],[10.136952372466036,47.05765202343978],[10.124952372466035,47.05765202343978],[10.124952372466035,47.04765202343978],[10.100952372466034,47.04765202343978],[10.100952372466034,47.027652023439785],[10.088952372466034,47.027652023439785],[10.088952372466034,47.00765202343979],[10.076952372466033,47.00765202343979],[10.076952372466033,46.9976520234398],[10.088952372466034,46.9976520234398],[10.088952372466034,46.967652023439804],[10.100952372466034,46.967652023439804],[10.100952372466034,46.9376520234398],[10.088952372466034,46.9376520234398],[10.088952372466034,46.9476520234398],[10.00495237246603,46.9476520234398],[10.00495237246603,46.9376520234398],[9.98095237246603,46.9376520234398],[9.98095237246603,46.91765202343981],[9.926707749917716,46.91765202343981],[9.920952372466028,46.92003572895428],[9.920952372466028,46.927652023439805],[9.900280452967898,46.927894782853706],[9.896952372466027,46.9376520234398],[9.87843878230461,46.9376520234398],[9.880960244570423,46.940671100405545],[9.876824142125201,46.94126553127408],[9.875132014499172,46.9509511796939],[9.878974413215131,46.95762795399694],[9.872952372466026,46.96550906108783],[9.875955633900064,46.97421616600691],[9.884952372466026,46.9776520234398],[9.885073665367608,46.986029267994816],[9.896952372466027,46.9876520234398],[9.896952372466027,46.99765202343979],[9.889442829641556,46.99765202343979],[9.884952372466026,47.00765202343979],[9.872952372466026,47.00765202343979],[9.872952372466026,47.01432505940343],[9.880607908836213,47.0177918122676],[9.872952372466026,47.02194549068657],[9.872952372466026,47.027652023439785],[9.860952372466025,47.027652023439785],[9.854170118564788,47.01765202343979],[9.827403348330904,47.01765202343979],[9.812952372466023,47.02294089317191],[9.812952372466023,47.027652023439785],[9.792137163815301,47.03225748039038],[9.78516167740487,47.0390574138585],[9.748212536816961,47.03765202343978],[9.74095237246602,47.04328191151998],[9.74095237246602,47.04765202343978],[9.709568883732048,47.04765202343978],[9.70495237246602,47.05765202343978],[9.685318703959558,47.05765202343978],[9.68207581741873,47.06267354730234],[9.611818957740514,47.05765202343978],[9.608952372466016,47.05984550049535],[9.613649048445913,47.070068757514356],[9.611162009829018,47.07765202343978],[9.620952372466016,47.07765202343978],[9.623743505660874,47.08310025308516],[9.633753198498322,47.08400602350185],[9.63591689819375,47.096817038455825],[9.632952372466017,47.10765202343977]]]}}]}